Region,Año,Brecha Salarial,Ingreso mediano mensual Total,Ingreso mediano mensual Hombres ,Ingreso mediano mensual Mujeres,"Brecha de género",Año postulación,Estamento,Número total de postulantes,Número total de postulantes de mujeres ,Número total de postulantes de hombres,Distribución porcentual de postulantes de mujeres,Distribución porcentual de postulantes de hombres,"Brecha de género"
Arica y Parinacota,2018,-28.0,350.0,400.0,299.802,"-25,0 ",2018,Directiva,7.181,2.808,4.373,"39,1","60,9","-21,8"
Arica y Parinacota,2018,-28.0,350.0,400.0,299.802,"-25,0 ",2018,Profesionales,75.313,40.697,34.616,"54,0","46,0","8,1"
Arica y Parinacota,2018,-28.0,350.0,400.0,299.802,"-25,0 ",2018,Profesional Ley N°15.076/19.664,0.0,0.0,0.0,"0,0","0,0","0,0"
Arica y Parinacota,2018,-28.0,350.0,400.0,299.802,"-25,0 ",2018,Fiscalizadores,6.658,2.706,3.952,"40,6","59,4","-18,7"
Arica y Parinacota,2018,-28.0,350.0,400.0,299.802,"-25,0 ",2018,Técnicos,17.948,10.244,7.704,"57,1","42,9","14,2"
Arica y Parinacota,2018,-28.0,350.0,400.0,299.802,"-25,0 ",2018,Administrativos,25.779,15.822,9.957,"61,4","38,6","22,8"
Arica y Parinacota,2018,-28.0,350.0,400.0,299.802,"-25,0 ",2018,Auxiliares,4.379,1.752,2.627,"40,0","60,0","-20,0"
Arica y Parinacota,2018,-28.0,350.0,400.0,299.802,"-25,0 ",2018,Otros,383.0,198.0,185.0,"51,7","48,3","3,4"
Tarapacá,2018,-25.4,400.0,401.444,349.22,"-13,0 ",2018,Directiva,7.181,2.808,4.373,"39,1","60,9","-21,8"
Tarapacá,2018,-25.4,400.0,401.444,349.22,"-13,0 ",2018,Profesionales,75.313,40.697,34.616,"54,0","46,0","8,1"
Tarapacá,2018,-25.4,400.0,401.444,349.22,"-13,0 ",2018,Profesional Ley N°15.076/19.664,0.0,0.0,0.0,"0,0","0,0","0,0"
Tarapacá,2018,-25.4,400.0,401.444,349.22,"-13,0 ",2018,Fiscalizadores,6.658,2.706,3.952,"40,6","59,4","-18,7"
Tarapacá,2018,-25.4,400.0,401.444,349.22,"-13,0 ",2018,Técnicos,17.948,10.244,7.704,"57,1","42,9","14,2"
Tarapacá,2018,-25.4,400.0,401.444,349.22,"-13,0 ",2018,Administrativos,25.779,15.822,9.957,"61,4","38,6","22,8"
Tarapacá,2018,-25.4,400.0,401.444,349.22,"-13,0 ",2018,Auxiliares,4.379,1.752,2.627,"40,0","60,0","-20,0"
Tarapacá,2018,-25.4,400.0,401.444,349.22,"-13,0 ",2018,Otros,383.0,198.0,185.0,"51,7","48,3","3,4"
Antofagasta,2018,-40.0,500.0,650.899,351.263,"-46,0 ",2018,Directiva,7.181,2.808,4.373,"39,1","60,9","-21,8"
Antofagasta,2018,-40.0,500.0,650.899,351.263,"-46,0 ",2018,Profesionales,75.313,40.697,34.616,"54,0","46,0","8,1"
Antofagasta,2018,-40.0,500.0,650.899,351.263,"-46,0 ",2018,Profesional Ley N°15.076/19.664,0.0,0.0,0.0,"0,0","0,0","0,0"
Antofagasta,2018,-40.0,500.0,650.899,351.263,"-46,0 ",2018,Fiscalizadores,6.658,2.706,3.952,"40,6","59,4","-18,7"
Antofagasta,2018,-40.0,500.0,650.899,351.263,"-46,0 ",2018,Técnicos,17.948,10.244,7.704,"57,1","42,9","14,2"
Antofagasta,2018,-40.0,500.0,650.899,351.263,"-46,0 ",2018,Administrativos,25.779,15.822,9.957,"61,4","38,6","22,8"
Antofagasta,2018,-40.0,500.0,650.899,351.263,"-46,0 ",2018,Auxiliares,4.379,1.752,2.627,"40,0","60,0","-20,0"
Antofagasta,2018,-40.0,500.0,650.899,351.263,"-46,0 ",2018,Otros,383.0,198.0,185.0,"51,7","48,3","3,4"
Atacama,2018,-37.7,415.927,505.584,323.89,"-35,9 ",2018,Directiva,7.181,2.808,4.373,"39,1","60,9","-21,8"
Atacama,2018,-37.7,415.927,505.584,323.89,"-35,9 ",2018,Profesionales,75.313,40.697,34.616,"54,0","46,0","8,1"
Atacama,2018,-37.7,415.927,505.584,323.89,"-35,9 ",2018,Profesional Ley N°15.076/19.664,0.0,0.0,0.0,"0,0","0,0","0,0"
Atacama,2018,-37.7,415.927,505.584,323.89,"-35,9 ",2018,Fiscalizadores,6.658,2.706,3.952,"40,6","59,4","-18,7"
Atacama,2018,-37.7,415.927,505.584,323.89,"-35,9 ",2018,Técnicos,17.948,10.244,7.704,"57,1","42,9","14,2"
Atacama,2018,-37.7,415.927,505.584,323.89,"-35,9 ",2018,Administrativos,25.779,15.822,9.957,"61,4","38,6","22,8"
Atacama,2018,-37.7,415.927,505.584,323.89,"-35,9 ",2018,Auxiliares,4.379,1.752,2.627,"40,0","60,0","-20,0"
Atacama,2018,-37.7,415.927,505.584,323.89,"-35,9 ",2018,Otros,383.0,198.0,185.0,"51,7","48,3","3,4"
Coquimbo,2018,-32.1,350.0,400.0,291.696,"-27,1 ",2018,Directiva,7.181,2.808,4.373,"39,1","60,9","-21,8"
Coquimbo,2018,-32.1,350.0,400.0,291.696,"-27,1 ",2018,Profesionales,75.313,40.697,34.616,"54,0","46,0","8,1"
Coquimbo,2018,-32.1,350.0,400.0,291.696,"-27,1 ",2018,Profesional Ley N°15.076/19.664,0.0,0.0,0.0,"0,0","0,0","0,0"
Coquimbo,2018,-32.1,350.0,400.0,291.696,"-27,1 ",2018,Fiscalizadores,6.658,2.706,3.952,"40,6","59,4","-18,7"
Coquimbo,2018,-32.1,350.0,400.0,291.696,"-27,1 ",2018,Técnicos,17.948,10.244,7.704,"57,1","42,9","14,2"
Coquimbo,2018,-32.1,350.0,400.0,291.696,"-27,1 ",2018,Administrativos,25.779,15.822,9.957,"61,4","38,6","22,8"
Coquimbo,2018,-32.1,350.0,400.0,291.696,"-27,1 ",2018,Auxiliares,4.379,1.752,2.627,"40,0","60,0","-20,0"
Coquimbo,2018,-32.1,350.0,400.0,291.696,"-27,1 ",2018,Otros,383.0,198.0,185.0,"51,7","48,3","3,4"
Valparaíso,2018,-30.1,391.408,407.881,320.0,"-21,5 ",2018,Directiva,7.181,2.808,4.373,"39,1","60,9","-21,8"
Valparaíso,2018,-30.1,391.408,407.881,320.0,"-21,5 ",2018,Profesionales,75.313,40.697,34.616,"54,0","46,0","8,1"
Valparaíso,2018,-30.1,391.408,407.881,320.0,"-21,5 ",2018,Profesional Ley N°15.076/19.664,0.0,0.0,0.0,"0,0","0,0","0,0"
Valparaíso,2018,-30.1,391.408,407.881,320.0,"-21,5 ",2018,Fiscalizadores,6.658,2.706,3.952,"40,6","59,4","-18,7"
Valparaíso,2018,-30.1,391.408,407.881,320.0,"-21,5 ",2018,Técnicos,17.948,10.244,7.704,"57,1","42,9","14,2"
Valparaíso,2018,-30.1,391.408,407.881,320.0,"-21,5 ",2018,Administrativos,25.779,15.822,9.957,"61,4","38,6","22,8"
Valparaíso,2018,-30.1,391.408,407.881,320.0,"-21,5 ",2018,Auxiliares,4.379,1.752,2.627,"40,0","60,0","-20,0"
Valparaíso,2018,-30.1,391.408,407.881,320.0,"-21,5 ",2018,Otros,383.0,198.0,185.0,"51,7","48,3","3,4"
Metropolitana,2018,-29.3,439.509,481.732,400.0,"-17,0 ",2018,Directiva,7.181,2.808,4.373,"39,1","60,9","-21,8"
Metropolitana,2018,-29.3,439.509,481.732,400.0,"-17,0 ",2018,Profesionales,75.313,40.697,34.616,"54,0","46,0","8,1"
Metropolitana,2018,-29.3,439.509,481.732,400.0,"-17,0 ",2018,Profesional Ley N°15.076/19.664,0.0,0.0,0.0,"0,0","0,0","0,0"
Metropolitana,2018,-29.3,439.509,481.732,400.0,"-17,0 ",2018,Fiscalizadores,6.658,2.706,3.952,"40,6","59,4","-18,7"
Metropolitana,2018,-29.3,439.509,481.732,400.0,"-17,0 ",2018,Técnicos,17.948,10.244,7.704,"57,1","42,9","14,2"
Metropolitana,2018,-29.3,439.509,481.732,400.0,"-17,0 ",2018,Administrativos,25.779,15.822,9.957,"61,4","38,6","22,8"
Metropolitana,2018,-29.3,439.509,481.732,400.0,"-17,0 ",2018,Auxiliares,4.379,1.752,2.627,"40,0","60,0","-20,0"
Metropolitana,2018,-29.3,439.509,481.732,400.0,"-17,0 ",2018,Otros,383.0,198.0,185.0,"51,7","48,3","3,4"
O'Higgins,2018,-16.1,360.0,400.0,320.0,"-20,0 ",2018,Directiva,7.181,2.808,4.373,"39,1","60,9","-21,8"
O'Higgins,2018,-16.1,360.0,400.0,320.0,"-20,0 ",2018,Profesionales,75.313,40.697,34.616,"54,0","46,0","8,1"
O'Higgins,2018,-16.1,360.0,400.0,320.0,"-20,0 ",2018,Profesional Ley N°15.076/19.664,0.0,0.0,0.0,"0,0","0,0","0,0"
O'Higgins,2018,-16.1,360.0,400.0,320.0,"-20,0 ",2018,Fiscalizadores,6.658,2.706,3.952,"40,6","59,4","-18,7"
O'Higgins,2018,-16.1,360.0,400.0,320.0,"-20,0 ",2018,Técnicos,17.948,10.244,7.704,"57,1","42,9","14,2"
O'Higgins,2018,-16.1,360.0,400.0,320.0,"-20,0 ",2018,Administrativos,25.779,15.822,9.957,"61,4","38,6","22,8"
O'Higgins,2018,-16.1,360.0,400.0,320.0,"-20,0 ",2018,Auxiliares,4.379,1.752,2.627,"40,0","60,0","-20,0"
O'Higgins,2018,-16.1,360.0,400.0,320.0,"-20,0 ",2018,Otros,383.0,198.0,185.0,"51,7","48,3","3,4"
Maule,2018,-20.1,331.658,350.0,300.0,"-14,3 ",2018,Directiva,7.181,2.808,4.373,"39,1","60,9","-21,8"
Maule,2018,-20.1,331.658,350.0,300.0,"-14,3 ",2018,Profesionales,75.313,40.697,34.616,"54,0","46,0","8,1"
Maule,2018,-20.1,331.658,350.0,300.0,"-14,3 ",2018,Profesional Ley N°15.076/19.664,0.0,0.0,0.0,"0,0","0,0","0,0"
Maule,2018,-20.1,331.658,350.0,300.0,"-14,3 ",2018,Fiscalizadores,6.658,2.706,3.952,"40,6","59,4","-18,7"
Maule,2018,-20.1,331.658,350.0,300.0,"-14,3 ",2018,Técnicos,17.948,10.244,7.704,"57,1","42,9","14,2"
Maule,2018,-20.1,331.658,350.0,300.0,"-14,3 ",2018,Administrativos,25.779,15.822,9.957,"61,4","38,6","22,8"
Maule,2018,-20.1,331.658,350.0,300.0,"-14,3 ",2018,Auxiliares,4.379,1.752,2.627,"40,0","60,0","-20,0"
Maule,2018,-20.1,331.658,350.0,300.0,"-14,3 ",2018,Otros,383.0,198.0,185.0,"51,7","48,3","3,4"
Ñuble,2018,-19.3,301.083,323.036,279.0,"-13,6 ",2018,Directiva,7.181,2.808,4.373,"39,1","60,9","-21,8"
Ñuble,2018,-19.3,301.083,323.036,279.0,"-13,6 ",2018,Profesionales,75.313,40.697,34.616,"54,0","46,0","8,1"
Ñuble,2018,-19.3,301.083,323.036,279.0,"-13,6 ",2018,Profesional Ley N°15.076/19.664,0.0,0.0,0.0,"0,0","0,0","0,0"
Ñuble,2018,-19.3,301.083,323.036,279.0,"-13,6 ",2018,Fiscalizadores,6.658,2.706,3.952,"40,6","59,4","-18,7"
Ñuble,2018,-19.3,301.083,323.036,279.0,"-13,6 ",2018,Técnicos,17.948,10.244,7.704,"57,1","42,9","14,2"
Ñuble,2018,-19.3,301.083,323.036,279.0,"-13,6 ",2018,Administrativos,25.779,15.822,9.957,"61,4","38,6","22,8"
Ñuble,2018,-19.3,301.083,323.036,279.0,"-13,6 ",2018,Auxiliares,4.379,1.752,2.627,"40,0","60,0","-20,0"
Ñuble,2018,-19.3,301.083,323.036,279.0,"-13,6 ",2018,Otros,383.0,198.0,185.0,"51,7","48,3","3,4"
Biobío,2018,-24.9,356.054,400.0,305.371,"-23,7 ",2018,Directiva,7.181,2.808,4.373,"39,1","60,9","-21,8"
Biobío,2018,-24.9,356.054,400.0,305.371,"-23,7 ",2018,Profesionales,75.313,40.697,34.616,"54,0","46,0","8,1"
Biobío,2018,-24.9,356.054,400.0,305.371,"-23,7 ",2018,Profesional Ley N°15.076/19.664,0.0,0.0,0.0,"0,0","0,0","0,0"
Biobío,2018,-24.9,356.054,400.0,305.371,"-23,7 ",2018,Fiscalizadores,6.658,2.706,3.952,"40,6","59,4","-18,7"
Biobío,2018,-24.9,356.054,400.0,305.371,"-23,7 ",2018,Técnicos,17.948,10.244,7.704,"57,1","42,9","14,2"
Biobío,2018,-24.9,356.054,400.0,305.371,"-23,7 ",2018,Administrativos,25.779,15.822,9.957,"61,4","38,6","22,8"
Biobío,2018,-24.9,356.054,400.0,305.371,"-23,7 ",2018,Auxiliares,4.379,1.752,2.627,"40,0","60,0","-20,0"
Biobío,2018,-24.9,356.054,400.0,305.371,"-23,7 ",2018,Otros,383.0,198.0,185.0,"51,7","48,3","3,4"
La Araucanía,2018,-19.4,330.0,350.0,300.0,"-14,3 ",2018,Directiva,7.181,2.808,4.373,"39,1","60,9","-21,8"
La Araucanía,2018,-19.4,330.0,350.0,300.0,"-14,3 ",2018,Profesionales,75.313,40.697,34.616,"54,0","46,0","8,1"
La Araucanía,2018,-19.4,330.0,350.0,300.0,"-14,3 ",2018,Profesional Ley N°15.076/19.664,0.0,0.0,0.0,"0,0","0,0","0,0"
La Araucanía,2018,-19.4,330.0,350.0,300.0,"-14,3 ",2018,Fiscalizadores,6.658,2.706,3.952,"40,6","59,4","-18,7"
La Araucanía,2018,-19.4,330.0,350.0,300.0,"-14,3 ",2018,Técnicos,17.948,10.244,7.704,"57,1","42,9","14,2"
La Araucanía,2018,-19.4,330.0,350.0,300.0,"-14,3 ",2018,Administrativos,25.779,15.822,9.957,"61,4","38,6","22,8"
La Araucanía,2018,-19.4,330.0,350.0,300.0,"-14,3 ",2018,Auxiliares,4.379,1.752,2.627,"40,0","60,0","-20,0"
La Araucanía,2018,-19.4,330.0,350.0,300.0,"-14,3 ",2018,Otros,383.0,198.0,185.0,"51,7","48,3","3,4"
Los Ríos,2018,-14.3,339.528,360.0,300.696,"-16,5 ",2018,Directiva,7.181,2.808,4.373,"39,1","60,9","-21,8"
Los Ríos,2018,-14.3,339.528,360.0,300.696,"-16,5 ",2018,Profesionales,75.313,40.697,34.616,"54,0","46,0","8,1"
Los Ríos,2018,-14.3,339.528,360.0,300.696,"-16,5 ",2018,Profesional Ley N°15.076/19.664,0.0,0.0,0.0,"0,0","0,0","0,0"
Los Ríos,2018,-14.3,339.528,360.0,300.696,"-16,5 ",2018,Fiscalizadores,6.658,2.706,3.952,"40,6","59,4","-18,7"
Los Ríos,2018,-14.3,339.528,360.0,300.696,"-16,5 ",2018,Técnicos,17.948,10.244,7.704,"57,1","42,9","14,2"
Los Ríos,2018,-14.3,339.528,360.0,300.696,"-16,5 ",2018,Administrativos,25.779,15.822,9.957,"61,4","38,6","22,8"
Los Ríos,2018,-14.3,339.528,360.0,300.696,"-16,5 ",2018,Auxiliares,4.379,1.752,2.627,"40,0","60,0","-20,0"
Los Ríos,2018,-14.3,339.528,360.0,300.696,"-16,5 ",2018,Otros,383.0,198.0,185.0,"51,7","48,3","3,4"
Los Lagos,2018,-21.0,352.669,400.0,320.354,"-19,9 ",2018,Directiva,7.181,2.808,4.373,"39,1","60,9","-21,8"
Los Lagos,2018,-21.0,352.669,400.0,320.354,"-19,9 ",2018,Profesionales,75.313,40.697,34.616,"54,0","46,0","8,1"
Los Lagos,2018,-21.0,352.669,400.0,320.354,"-19,9 ",2018,Profesional Ley N°15.076/19.664,0.0,0.0,0.0,"0,0","0,0","0,0"
Los Lagos,2018,-21.0,352.669,400.0,320.354,"-19,9 ",2018,Fiscalizadores,6.658,2.706,3.952,"40,6","59,4","-18,7"
Los Lagos,2018,-21.0,352.669,400.0,320.354,"-19,9 ",2018,Técnicos,17.948,10.244,7.704,"57,1","42,9","14,2"
Los Lagos,2018,-21.0,352.669,400.0,320.354,"-19,9 ",2018,Administrativos,25.779,15.822,9.957,"61,4","38,6","22,8"
Los Lagos,2018,-21.0,352.669,400.0,320.354,"-19,9 ",2018,Auxiliares,4.379,1.752,2.627,"40,0","60,0","-20,0"
Los Lagos,2018,-21.0,352.669,400.0,320.354,"-19,9 ",2018,Otros,383.0,198.0,185.0,"51,7","48,3","3,4"
Aysén,2018,-20.6,410.0,464.535,382.545,"-17,6 ",2018,Directiva,7.181,2.808,4.373,"39,1","60,9","-21,8"
Aysén,2018,-20.6,410.0,464.535,382.545,"-17,6 ",2018,Profesionales,75.313,40.697,34.616,"54,0","46,0","8,1"
Aysén,2018,-20.6,410.0,464.535,382.545,"-17,6 ",2018,Profesional Ley N°15.076/19.664,0.0,0.0,0.0,"0,0","0,0","0,0"
Aysén,2018,-20.6,410.0,464.535,382.545,"-17,6 ",2018,Fiscalizadores,6.658,2.706,3.952,"40,6","59,4","-18,7"
Aysén,2018,-20.6,410.0,464.535,382.545,"-17,6 ",2018,Técnicos,17.948,10.244,7.704,"57,1","42,9","14,2"
Aysén,2018,-20.6,410.0,464.535,382.545,"-17,6 ",2018,Administrativos,25.779,15.822,9.957,"61,4","38,6","22,8"
Aysén,2018,-20.6,410.0,464.535,382.545,"-17,6 ",2018,Auxiliares,4.379,1.752,2.627,"40,0","60,0","-20,0"
Aysén,2018,-20.6,410.0,464.535,382.545,"-17,6 ",2018,Otros,383.0,198.0,185.0,"51,7","48,3","3,4"
Magallanes,2018,-23.8,501.805,602.166,500.0,"-17,0 ",2018,Directiva,7.181,2.808,4.373,"39,1","60,9","-21,8"
Magallanes,2018,-23.8,501.805,602.166,500.0,"-17,0 ",2018,Profesionales,75.313,40.697,34.616,"54,0","46,0","8,1"
Magallanes,2018,-23.8,501.805,602.166,500.0,"-17,0 ",2018,Profesional Ley N°15.076/19.664,0.0,0.0,0.0,"0,0","0,0","0,0"
Magallanes,2018,-23.8,501.805,602.166,500.0,"-17,0 ",2018,Fiscalizadores,6.658,2.706,3.952,"40,6","59,4","-18,7"
Magallanes,2018,-23.8,501.805,602.166,500.0,"-17,0 ",2018,Técnicos,17.948,10.244,7.704,"57,1","42,9","14,2"
Magallanes,2018,-23.8,501.805,602.166,500.0,"-17,0 ",2018,Administrativos,25.779,15.822,9.957,"61,4","38,6","22,8"
Magallanes,2018,-23.8,501.805,602.166,500.0,"-17,0 ",2018,Auxiliares,4.379,1.752,2.627,"40,0","60,0","-20,0"
Magallanes,2018,-23.8,501.805,602.166,500.0,"-17,0 ",2018,Otros,383.0,198.0,185.0,"51,7","48,3","3,4"
Arica y Parinacota,2019,-25.5,349.73,400.74,289.881,"-27,7 ",2019,Directiva,9.393,3.585,5.808,"38,2","61,8","-23,7"
Arica y Parinacota,2019,-25.5,349.73,400.74,289.881,"-27,7 ",2019,Profesionales,114.16,64.716,49.444,"56,7","43,3","13,4"
Arica y Parinacota,2019,-25.5,349.73,400.74,289.881,"-27,7 ",2019,Profesional Ley N°15.076/19.664,1.837,1.115,722.0,"60,7","39,3","21,4"
Arica y Parinacota,2019,-25.5,349.73,400.74,289.881,"-27,7 ",2019,Fiscalizadores,39.889,23.813,16.076,"59,7","40,3","19,4"
Arica y Parinacota,2019,-25.5,349.73,400.74,289.881,"-27,7 ",2019,Técnicos,12.127,5.286,6.841,"43,6","56,4","-12,8"
Arica y Parinacota,2019,-25.5,349.73,400.74,289.881,"-27,7 ",2019,Administrativos,41.308,25.321,15.987,"61,3","38,7","22,6"
Arica y Parinacota,2019,-25.5,349.73,400.74,289.881,"-27,7 ",2019,Auxiliares,9.363,4.103,5.26,"43,8","56,2","-12,4"
Arica y Parinacota,2019,-25.5,349.73,400.74,289.881,"-27,7 ",2019,Otros,28.0,8.0,20.0,"28,6","71,4","-42,9"
Tarapacá,2019,-20.6,403.274,453.683,363.488,"-19,9 ",2019,Directiva,9.393,3.585,5.808,"38,2","61,8","-23,7"
Tarapacá,2019,-20.6,403.274,453.683,363.488,"-19,9 ",2019,Profesionales,114.16,64.716,49.444,"56,7","43,3","13,4"
Tarapacá,2019,-20.6,403.274,453.683,363.488,"-19,9 ",2019,Profesional Ley N°15.076/19.664,1.837,1.115,722.0,"60,7","39,3","21,4"
Tarapacá,2019,-20.6,403.274,453.683,363.488,"-19,9 ",2019,Fiscalizadores,39.889,23.813,16.076,"59,7","40,3","19,4"
Tarapacá,2019,-20.6,403.274,453.683,363.488,"-19,9 ",2019,Técnicos,12.127,5.286,6.841,"43,6","56,4","-12,8"
Tarapacá,2019,-20.6,403.274,453.683,363.488,"-19,9 ",2019,Administrativos,41.308,25.321,15.987,"61,3","38,7","22,6"
Tarapacá,2019,-20.6,403.274,453.683,363.488,"-19,9 ",2019,Auxiliares,9.363,4.103,5.26,"43,8","56,2","-12,4"
Tarapacá,2019,-20.6,403.274,453.683,363.488,"-19,9 ",2019,Otros,28.0,8.0,20.0,"28,6","71,4","-42,9"
Antofagasta,2019,-42.4,514.379,665.993,403.274,"-39,4 ",2019,Directiva,9.393,3.585,5.808,"38,2","61,8","-23,7"
Antofagasta,2019,-42.4,514.379,665.993,403.274,"-39,4 ",2019,Profesionales,114.16,64.716,49.444,"56,7","43,3","13,4"
Antofagasta,2019,-42.4,514.379,665.993,403.274,"-39,4 ",2019,Profesional Ley N°15.076/19.664,1.837,1.115,722.0,"60,7","39,3","21,4"
Antofagasta,2019,-42.4,514.379,665.993,403.274,"-39,4 ",2019,Fiscalizadores,39.889,23.813,16.076,"59,7","40,3","19,4"
Antofagasta,2019,-42.4,514.379,665.993,403.274,"-39,4 ",2019,Técnicos,12.127,5.286,6.841,"43,6","56,4","-12,8"
Antofagasta,2019,-42.4,514.379,665.993,403.274,"-39,4 ",2019,Administrativos,41.308,25.321,15.987,"61,3","38,7","22,6"
Antofagasta,2019,-42.4,514.379,665.993,403.274,"-39,4 ",2019,Auxiliares,9.363,4.103,5.26,"43,8","56,2","-12,4"
Antofagasta,2019,-42.4,514.379,665.993,403.274,"-39,4 ",2019,Otros,28.0,8.0,20.0,"28,6","71,4","-42,9"
Atacama,2019,-39.7,433.519,503.357,350.0,"-30,5 ",2019,Directiva,9.393,3.585,5.808,"38,2","61,8","-23,7"
Atacama,2019,-39.7,433.519,503.357,350.0,"-30,5 ",2019,Profesionales,114.16,64.716,49.444,"56,7","43,3","13,4"
Atacama,2019,-39.7,433.519,503.357,350.0,"-30,5 ",2019,Profesional Ley N°15.076/19.664,1.837,1.115,722.0,"60,7","39,3","21,4"
Atacama,2019,-39.7,433.519,503.357,350.0,"-30,5 ",2019,Fiscalizadores,39.889,23.813,16.076,"59,7","40,3","19,4"
Atacama,2019,-39.7,433.519,503.357,350.0,"-30,5 ",2019,Técnicos,12.127,5.286,6.841,"43,6","56,4","-12,8"
Atacama,2019,-39.7,433.519,503.357,350.0,"-30,5 ",2019,Administrativos,41.308,25.321,15.987,"61,3","38,7","22,6"
Atacama,2019,-39.7,433.519,503.357,350.0,"-30,5 ",2019,Auxiliares,9.363,4.103,5.26,"43,8","56,2","-12,4"
Atacama,2019,-39.7,433.519,503.357,350.0,"-30,5 ",2019,Otros,28.0,8.0,20.0,"28,6","71,4","-42,9"
Coquimbo,2019,-28.2,375.305,403.274,318.633,"-21,0 ",2019,Directiva,9.393,3.585,5.808,"38,2","61,8","-23,7"
Coquimbo,2019,-28.2,375.305,403.274,318.633,"-21,0 ",2019,Profesionales,114.16,64.716,49.444,"56,7","43,3","13,4"
Coquimbo,2019,-28.2,375.305,403.274,318.633,"-21,0 ",2019,Profesional Ley N°15.076/19.664,1.837,1.115,722.0,"60,7","39,3","21,4"
Coquimbo,2019,-28.2,375.305,403.274,318.633,"-21,0 ",2019,Fiscalizadores,39.889,23.813,16.076,"59,7","40,3","19,4"
Coquimbo,2019,-28.2,375.305,403.274,318.633,"-21,0 ",2019,Técnicos,12.127,5.286,6.841,"43,6","56,4","-12,8"
Coquimbo,2019,-28.2,375.305,403.274,318.633,"-21,0 ",2019,Administrativos,41.308,25.321,15.987,"61,3","38,7","22,6"
Coquimbo,2019,-28.2,375.305,403.274,318.633,"-21,0 ",2019,Auxiliares,9.363,4.103,5.26,"43,8","56,2","-12,4"
Coquimbo,2019,-28.2,375.305,403.274,318.633,"-21,0 ",2019,Otros,28.0,8.0,20.0,"28,6","71,4","-42,9"
Valparaíso,2019,-33.5,399.691,430.0,340.0,"-20,9 ",2019,Directiva,9.393,3.585,5.808,"38,2","61,8","-23,7"
Valparaíso,2019,-33.5,399.691,430.0,340.0,"-20,9 ",2019,Profesionales,114.16,64.716,49.444,"56,7","43,3","13,4"
Valparaíso,2019,-33.5,399.691,430.0,340.0,"-20,9 ",2019,Profesional Ley N°15.076/19.664,1.837,1.115,722.0,"60,7","39,3","21,4"
Valparaíso,2019,-33.5,399.691,430.0,340.0,"-20,9 ",2019,Fiscalizadores,39.889,23.813,16.076,"59,7","40,3","19,4"
Valparaíso,2019,-33.5,399.691,430.0,340.0,"-20,9 ",2019,Técnicos,12.127,5.286,6.841,"43,6","56,4","-12,8"
Valparaíso,2019,-33.5,399.691,430.0,340.0,"-20,9 ",2019,Administrativos,41.308,25.321,15.987,"61,3","38,7","22,6"
Valparaíso,2019,-33.5,399.691,430.0,340.0,"-20,9 ",2019,Auxiliares,9.363,4.103,5.26,"43,8","56,2","-12,4"
Valparaíso,2019,-33.5,399.691,430.0,340.0,"-20,9 ",2019,Otros,28.0,8.0,20.0,"28,6","71,4","-42,9"
Metropolitana,2019,-29.6,449.652,499.614,400.0,"-19,9 ",2019,Directiva,9.393,3.585,5.808,"38,2","61,8","-23,7"
Metropolitana,2019,-29.6,449.652,499.614,400.0,"-19,9 ",2019,Profesionales,114.16,64.716,49.444,"56,7","43,3","13,4"
Metropolitana,2019,-29.6,449.652,499.614,400.0,"-19,9 ",2019,Profesional Ley N°15.076/19.664,1.837,1.115,722.0,"60,7","39,3","21,4"
Metropolitana,2019,-29.6,449.652,499.614,400.0,"-19,9 ",2019,Fiscalizadores,39.889,23.813,16.076,"59,7","40,3","19,4"
Metropolitana,2019,-29.6,449.652,499.614,400.0,"-19,9 ",2019,Técnicos,12.127,5.286,6.841,"43,6","56,4","-12,8"
Metropolitana,2019,-29.6,449.652,499.614,400.0,"-19,9 ",2019,Administrativos,41.308,25.321,15.987,"61,3","38,7","22,6"
Metropolitana,2019,-29.6,449.652,499.614,400.0,"-19,9 ",2019,Auxiliares,9.363,4.103,5.26,"43,8","56,2","-12,4"
Metropolitana,2019,-29.6,449.652,499.614,400.0,"-19,9 ",2019,Otros,28.0,8.0,20.0,"28,6","71,4","-42,9"
O'Higgins,2019,-19.0,380.0,400.0,349.245,"-12,7 ",2019,Directiva,9.393,3.585,5.808,"38,2","61,8","-23,7"
O'Higgins,2019,-19.0,380.0,400.0,349.245,"-12,7 ",2019,Profesionales,114.16,64.716,49.444,"56,7","43,3","13,4"
O'Higgins,2019,-19.0,380.0,400.0,349.245,"-12,7 ",2019,Profesional Ley N°15.076/19.664,1.837,1.115,722.0,"60,7","39,3","21,4"
O'Higgins,2019,-19.0,380.0,400.0,349.245,"-12,7 ",2019,Fiscalizadores,39.889,23.813,16.076,"59,7","40,3","19,4"
O'Higgins,2019,-19.0,380.0,400.0,349.245,"-12,7 ",2019,Técnicos,12.127,5.286,6.841,"43,6","56,4","-12,8"
O'Higgins,2019,-19.0,380.0,400.0,349.245,"-12,7 ",2019,Administrativos,41.308,25.321,15.987,"61,3","38,7","22,6"
O'Higgins,2019,-19.0,380.0,400.0,349.245,"-12,7 ",2019,Auxiliares,9.363,4.103,5.26,"43,8","56,2","-12,4"
O'Higgins,2019,-19.0,380.0,400.0,349.245,"-12,7 ",2019,Otros,28.0,8.0,20.0,"28,6","71,4","-42,9"
Maule,2019,-22.4,349.73,376.32,302.455,"-19,6 ",2019,Directiva,9.393,3.585,5.808,"38,2","61,8","-23,7"
Maule,2019,-22.4,349.73,376.32,302.455,"-19,6 ",2019,Profesionales,114.16,64.716,49.444,"56,7","43,3","13,4"
Maule,2019,-22.4,349.73,376.32,302.455,"-19,6 ",2019,Profesional Ley N°15.076/19.664,1.837,1.115,722.0,"60,7","39,3","21,4"
Maule,2019,-22.4,349.73,376.32,302.455,"-19,6 ",2019,Fiscalizadores,39.889,23.813,16.076,"59,7","40,3","19,4"
Maule,2019,-22.4,349.73,376.32,302.455,"-19,6 ",2019,Técnicos,12.127,5.286,6.841,"43,6","56,4","-12,8"
Maule,2019,-22.4,349.73,376.32,302.455,"-19,6 ",2019,Administrativos,41.308,25.321,15.987,"61,3","38,7","22,6"
Maule,2019,-22.4,349.73,376.32,302.455,"-19,6 ",2019,Auxiliares,9.363,4.103,5.26,"43,8","56,2","-12,4"
Maule,2019,-22.4,349.73,376.32,302.455,"-19,6 ",2019,Otros,28.0,8.0,20.0,"28,6","71,4","-42,9"
Ñuble,2019,-22.9,342.783,382.201,301.0,"-21,2 ",2019,Directiva,9.393,3.585,5.808,"38,2","61,8","-23,7"
Ñuble,2019,-22.9,342.783,382.201,301.0,"-21,2 ",2019,Profesionales,114.16,64.716,49.444,"56,7","43,3","13,4"
Ñuble,2019,-22.9,342.783,382.201,301.0,"-21,2 ",2019,Profesional Ley N°15.076/19.664,1.837,1.115,722.0,"60,7","39,3","21,4"
Ñuble,2019,-22.9,342.783,382.201,301.0,"-21,2 ",2019,Fiscalizadores,39.889,23.813,16.076,"59,7","40,3","19,4"
Ñuble,2019,-22.9,342.783,382.201,301.0,"-21,2 ",2019,Técnicos,12.127,5.286,6.841,"43,6","56,4","-12,8"
Ñuble,2019,-22.9,342.783,382.201,301.0,"-21,2 ",2019,Administrativos,41.308,25.321,15.987,"61,3","38,7","22,6"
Ñuble,2019,-22.9,342.783,382.201,301.0,"-21,2 ",2019,Auxiliares,9.363,4.103,5.26,"43,8","56,2","-12,4"
Ñuble,2019,-22.9,342.783,382.201,301.0,"-21,2 ",2019,Otros,28.0,8.0,20.0,"28,6","71,4","-42,9"
Biobío,2019,-26.9,380.0,420.0,300.0,"-28,6 ",2019,Directiva,9.393,3.585,5.808,"38,2","61,8","-23,7"
Biobío,2019,-26.9,380.0,420.0,300.0,"-28,6 ",2019,Profesionales,114.16,64.716,49.444,"56,7","43,3","13,4"
Biobío,2019,-26.9,380.0,420.0,300.0,"-28,6 ",2019,Profesional Ley N°15.076/19.664,1.837,1.115,722.0,"60,7","39,3","21,4"
Biobío,2019,-26.9,380.0,420.0,300.0,"-28,6 ",2019,Fiscalizadores,39.889,23.813,16.076,"59,7","40,3","19,4"
Biobío,2019,-26.9,380.0,420.0,300.0,"-28,6 ",2019,Técnicos,12.127,5.286,6.841,"43,6","56,4","-12,8"
Biobío,2019,-26.9,380.0,420.0,300.0,"-28,6 ",2019,Administrativos,41.308,25.321,15.987,"61,3","38,7","22,6"
Biobío,2019,-26.9,380.0,420.0,300.0,"-28,6 ",2019,Auxiliares,9.363,4.103,5.26,"43,8","56,2","-12,4"
Biobío,2019,-26.9,380.0,420.0,300.0,"-28,6 ",2019,Otros,28.0,8.0,20.0,"28,6","71,4","-42,9"
La Araucanía,2019,-12.0,349.73,358.114,301.0,"-15,9 ",2019,Directiva,9.393,3.585,5.808,"38,2","61,8","-23,7"
La Araucanía,2019,-12.0,349.73,358.114,301.0,"-15,9 ",2019,Profesionales,114.16,64.716,49.444,"56,7","43,3","13,4"
La Araucanía,2019,-12.0,349.73,358.114,301.0,"-15,9 ",2019,Profesional Ley N°15.076/19.664,1.837,1.115,722.0,"60,7","39,3","21,4"
La Araucanía,2019,-12.0,349.73,358.114,301.0,"-15,9 ",2019,Fiscalizadores,39.889,23.813,16.076,"59,7","40,3","19,4"
La Araucanía,2019,-12.0,349.73,358.114,301.0,"-15,9 ",2019,Técnicos,12.127,5.286,6.841,"43,6","56,4","-12,8"
La Araucanía,2019,-12.0,349.73,358.114,301.0,"-15,9 ",2019,Administrativos,41.308,25.321,15.987,"61,3","38,7","22,6"
La Araucanía,2019,-12.0,349.73,358.114,301.0,"-15,9 ",2019,Auxiliares,9.363,4.103,5.26,"43,8","56,2","-12,4"
La Araucanía,2019,-12.0,349.73,358.114,301.0,"-15,9 ",2019,Otros,28.0,8.0,20.0,"28,6","71,4","-42,9"
Los Ríos,2019,-26.4,350.0,363.963,301.0,"-17,3 ",2019,Directiva,9.393,3.585,5.808,"38,2","61,8","-23,7"
Los Ríos,2019,-26.4,350.0,363.963,301.0,"-17,3 ",2019,Profesionales,114.16,64.716,49.444,"56,7","43,3","13,4"
Los Ríos,2019,-26.4,350.0,363.963,301.0,"-17,3 ",2019,Profesional Ley N°15.076/19.664,1.837,1.115,722.0,"60,7","39,3","21,4"
Los Ríos,2019,-26.4,350.0,363.963,301.0,"-17,3 ",2019,Fiscalizadores,39.889,23.813,16.076,"59,7","40,3","19,4"
Los Ríos,2019,-26.4,350.0,363.963,301.0,"-17,3 ",2019,Técnicos,12.127,5.286,6.841,"43,6","56,4","-12,8"
Los Ríos,2019,-26.4,350.0,363.963,301.0,"-17,3 ",2019,Administrativos,41.308,25.321,15.987,"61,3","38,7","22,6"
Los Ríos,2019,-26.4,350.0,363.963,301.0,"-17,3 ",2019,Auxiliares,9.363,4.103,5.26,"43,8","56,2","-12,4"
Los Ríos,2019,-26.4,350.0,363.963,301.0,"-17,3 ",2019,Otros,28.0,8.0,20.0,"28,6","71,4","-42,9"
Los Lagos,2019,-18.8,382.811,400.919,322.619,"-19,5 ",2019,Directiva,9.393,3.585,5.808,"38,2","61,8","-23,7"
Los Lagos,2019,-18.8,382.811,400.919,322.619,"-19,5 ",2019,Profesionales,114.16,64.716,49.444,"56,7","43,3","13,4"
Los Lagos,2019,-18.8,382.811,400.919,322.619,"-19,5 ",2019,Profesional Ley N°15.076/19.664,1.837,1.115,722.0,"60,7","39,3","21,4"
Los Lagos,2019,-18.8,382.811,400.919,322.619,"-19,5 ",2019,Fiscalizadores,39.889,23.813,16.076,"59,7","40,3","19,4"
Los Lagos,2019,-18.8,382.811,400.919,322.619,"-19,5 ",2019,Técnicos,12.127,5.286,6.841,"43,6","56,4","-12,8"
Los Lagos,2019,-18.8,382.811,400.919,322.619,"-19,5 ",2019,Administrativos,41.308,25.321,15.987,"61,3","38,7","22,6"
Los Lagos,2019,-18.8,382.811,400.919,322.619,"-19,5 ",2019,Auxiliares,9.363,4.103,5.26,"43,8","56,2","-12,4"
Los Lagos,2019,-18.8,382.811,400.919,322.619,"-19,5 ",2019,Otros,28.0,8.0,20.0,"28,6","71,4","-42,9"
Aysén,2019,-7.8,450.0,499.614,403.274,"-19,3 ",2019,Directiva,9.393,3.585,5.808,"38,2","61,8","-23,7"
Aysén,2019,-7.8,450.0,499.614,403.274,"-19,3 ",2019,Profesionales,114.16,64.716,49.444,"56,7","43,3","13,4"
Aysén,2019,-7.8,450.0,499.614,403.274,"-19,3 ",2019,Profesional Ley N°15.076/19.664,1.837,1.115,722.0,"60,7","39,3","21,4"
Aysén,2019,-7.8,450.0,499.614,403.274,"-19,3 ",2019,Fiscalizadores,39.889,23.813,16.076,"59,7","40,3","19,4"
Aysén,2019,-7.8,450.0,499.614,403.274,"-19,3 ",2019,Técnicos,12.127,5.286,6.841,"43,6","56,4","-12,8"
Aysén,2019,-7.8,450.0,499.614,403.274,"-19,3 ",2019,Administrativos,41.308,25.321,15.987,"61,3","38,7","22,6"
Aysén,2019,-7.8,450.0,499.614,403.274,"-19,3 ",2019,Auxiliares,9.363,4.103,5.26,"43,8","56,2","-12,4"
Aysén,2019,-7.8,450.0,499.614,403.274,"-19,3 ",2019,Otros,28.0,8.0,20.0,"28,6","71,4","-42,9"
Magallanes,2019,-26.7,550.0,604.911,499.614,"-17,4 ",2019,Directiva,9.393,3.585,5.808,"38,2","61,8","-23,7"
Magallanes,2019,-26.7,550.0,604.911,499.614,"-17,4 ",2019,Profesionales,114.16,64.716,49.444,"56,7","43,3","13,4"
Magallanes,2019,-26.7,550.0,604.911,499.614,"-17,4 ",2019,Profesional Ley N°15.076/19.664,1.837,1.115,722.0,"60,7","39,3","21,4"
Magallanes,2019,-26.7,550.0,604.911,499.614,"-17,4 ",2019,Fiscalizadores,39.889,23.813,16.076,"59,7","40,3","19,4"
Magallanes,2019,-26.7,550.0,604.911,499.614,"-17,4 ",2019,Técnicos,12.127,5.286,6.841,"43,6","56,4","-12,8"
Magallanes,2019,-26.7,550.0,604.911,499.614,"-17,4 ",2019,Administrativos,41.308,25.321,15.987,"61,3","38,7","22,6"
Magallanes,2019,-26.7,550.0,604.911,499.614,"-17,4 ",2019,Auxiliares,9.363,4.103,5.26,"43,8","56,2","-12,4"
Magallanes,2019,-26.7,550.0,604.911,499.614,"-17,4 ",2019,Otros,28.0,8.0,20.0,"28,6","71,4","-42,9"
Arica y Parinacota,2020,-11.4,400.0,400.914,374.346,"-6,6 ",2020,Directiva,8.941,3.447,5.494,"38,6","61,4","-22,9"
Arica y Parinacota,2020,-11.4,400.0,400.914,374.346,"-6,6 ",2020,Profesionales,95.619,55.536,40.083,"58,1","41,9","16,2"
Arica y Parinacota,2020,-11.4,400.0,400.914,374.346,"-6,6 ",2020,Profesional Ley N°15.076/19.664,2.906,1.598,1.308,"55,0","45,0","10,0"
Arica y Parinacota,2020,-11.4,400.0,400.914,374.346,"-6,6 ",2020,Fiscalizadores,2.675,1.063,1.612,"39,7","60,3","-20,5"
Arica y Parinacota,2020,-11.4,400.0,400.914,374.346,"-6,6 ",2020,Técnicos,24.137,15.024,9.113,"62,2","37,8","24,5"
Arica y Parinacota,2020,-11.4,400.0,400.914,374.346,"-6,6 ",2020,Administrativos,26.814,16.162,10.652,"60,3","39,7","20,5"
Arica y Parinacota,2020,-11.4,400.0,400.914,374.346,"-6,6 ",2020,Auxiliares,7.014,3.008,4.006,"42,9","57,1","-14,2"
Arica y Parinacota,2020,-11.4,400.0,400.914,374.346,"-6,6 ",2020,Otros,0.0,0.0,0.0,"0,0","0,0","0,0"
Tarapacá,2020,-30.7,450.592,500.658,380.232,"-24,1 ",2020,Directiva,8.941,3.447,5.494,"38,6","61,4","-22,9"
Tarapacá,2020,-30.7,450.592,500.658,380.232,"-24,1 ",2020,Profesionales,95.619,55.536,40.083,"58,1","41,9","16,2"
Tarapacá,2020,-30.7,450.592,500.658,380.232,"-24,1 ",2020,Profesional Ley N°15.076/19.664,2.906,1.598,1.308,"55,0","45,0","10,0"
Tarapacá,2020,-30.7,450.592,500.658,380.232,"-24,1 ",2020,Fiscalizadores,2.675,1.063,1.612,"39,7","60,3","-20,5"
Tarapacá,2020,-30.7,450.592,500.658,380.232,"-24,1 ",2020,Técnicos,24.137,15.024,9.113,"62,2","37,8","24,5"
Tarapacá,2020,-30.7,450.592,500.658,380.232,"-24,1 ",2020,Administrativos,26.814,16.162,10.652,"60,3","39,7","20,5"
Tarapacá,2020,-30.7,450.592,500.658,380.232,"-24,1 ",2020,Auxiliares,7.014,3.008,4.006,"42,9","57,1","-14,2"
Tarapacá,2020,-30.7,450.592,500.658,380.232,"-24,1 ",2020,Otros,0.0,0.0,0.0,"0,0","0,0","0,0"
Antofagasta,2020,-40.7,503.403,650.543,400.526,"-38,4 ",2020,Directiva,8.941,3.447,5.494,"38,6","61,4","-22,9"
Antofagasta,2020,-40.7,503.403,650.543,400.526,"-38,4 ",2020,Profesionales,95.619,55.536,40.083,"58,1","41,9","16,2"
Antofagasta,2020,-40.7,503.403,650.543,400.526,"-38,4 ",2020,Profesional Ley N°15.076/19.664,2.906,1.598,1.308,"55,0","45,0","10,0"
Antofagasta,2020,-40.7,503.403,650.543,400.526,"-38,4 ",2020,Fiscalizadores,2.675,1.063,1.612,"39,7","60,3","-20,5"
Antofagasta,2020,-40.7,503.403,650.543,400.526,"-38,4 ",2020,Técnicos,24.137,15.024,9.113,"62,2","37,8","24,5"
Antofagasta,2020,-40.7,503.403,650.543,400.526,"-38,4 ",2020,Administrativos,26.814,16.162,10.652,"60,3","39,7","20,5"
Antofagasta,2020,-40.7,503.403,650.543,400.526,"-38,4 ",2020,Auxiliares,7.014,3.008,4.006,"42,9","57,1","-14,2"
Antofagasta,2020,-40.7,503.403,650.543,400.526,"-38,4 ",2020,Otros,0.0,0.0,0.0,"0,0","0,0","0,0"
Atacama,2020,-29.3,453.338,503.403,350.461,"-30,4 ",2020,Directiva,8.941,3.447,5.494,"38,6","61,4","-22,9"
Atacama,2020,-29.3,453.338,503.403,350.461,"-30,4 ",2020,Profesionales,95.619,55.536,40.083,"58,1","41,9","16,2"
Atacama,2020,-29.3,453.338,503.403,350.461,"-30,4 ",2020,Profesional Ley N°15.076/19.664,2.906,1.598,1.308,"55,0","45,0","10,0"
Atacama,2020,-29.3,453.338,503.403,350.461,"-30,4 ",2020,Fiscalizadores,2.675,1.063,1.612,"39,7","60,3","-20,5"
Atacama,2020,-29.3,453.338,503.403,350.461,"-30,4 ",2020,Técnicos,24.137,15.024,9.113,"62,2","37,8","24,5"
Atacama,2020,-29.3,453.338,503.403,350.461,"-30,4 ",2020,Administrativos,26.814,16.162,10.652,"60,3","39,7","20,5"
Atacama,2020,-29.3,453.338,503.403,350.461,"-30,4 ",2020,Auxiliares,7.014,3.008,4.006,"42,9","57,1","-14,2"
Atacama,2020,-29.3,453.338,503.403,350.461,"-30,4 ",2020,Otros,0.0,0.0,0.0,"0,0","0,0","0,0"
Coquimbo,2020,-10.5,376.918,400.526,339.032,"-15,4 ",2020,Directiva,8.941,3.447,5.494,"38,6","61,4","-22,9"
Coquimbo,2020,-10.5,376.918,400.526,339.032,"-15,4 ",2020,Profesionales,95.619,55.536,40.083,"58,1","41,9","16,2"
Coquimbo,2020,-10.5,376.918,400.526,339.032,"-15,4 ",2020,Profesional Ley N°15.076/19.664,2.906,1.598,1.308,"55,0","45,0","10,0"
Coquimbo,2020,-10.5,376.918,400.526,339.032,"-15,4 ",2020,Fiscalizadores,2.675,1.063,1.612,"39,7","60,3","-20,5"
Coquimbo,2020,-10.5,376.918,400.526,339.032,"-15,4 ",2020,Técnicos,24.137,15.024,9.113,"62,2","37,8","24,5"
Coquimbo,2020,-10.5,376.918,400.526,339.032,"-15,4 ",2020,Administrativos,26.814,16.162,10.652,"60,3","39,7","20,5"
Coquimbo,2020,-10.5,376.918,400.526,339.032,"-15,4 ",2020,Auxiliares,7.014,3.008,4.006,"42,9","57,1","-14,2"
Coquimbo,2020,-10.5,376.918,400.526,339.032,"-15,4 ",2020,Otros,0.0,0.0,0.0,"0,0","0,0","0,0"
Valparaíso,2020,-22.0,400.526,437.467,366.039,"-16,3 ",2020,Directiva,8.941,3.447,5.494,"38,6","61,4","-22,9"
Valparaíso,2020,-22.0,400.526,437.467,366.039,"-16,3 ",2020,Profesionales,95.619,55.536,40.083,"58,1","41,9","16,2"
Valparaíso,2020,-22.0,400.526,437.467,366.039,"-16,3 ",2020,Profesional Ley N°15.076/19.664,2.906,1.598,1.308,"55,0","45,0","10,0"
Valparaíso,2020,-22.0,400.526,437.467,366.039,"-16,3 ",2020,Fiscalizadores,2.675,1.063,1.612,"39,7","60,3","-20,5"
Valparaíso,2020,-22.0,400.526,437.467,366.039,"-16,3 ",2020,Técnicos,24.137,15.024,9.113,"62,2","37,8","24,5"
Valparaíso,2020,-22.0,400.526,437.467,366.039,"-16,3 ",2020,Administrativos,26.814,16.162,10.652,"60,3","39,7","20,5"
Valparaíso,2020,-22.0,400.526,437.467,366.039,"-16,3 ",2020,Auxiliares,7.014,3.008,4.006,"42,9","57,1","-14,2"
Valparaíso,2020,-22.0,400.526,437.467,366.039,"-16,3 ",2020,Otros,0.0,0.0,0.0,"0,0","0,0","0,0"
Metropolitana,2020,-21.0,450.592,500.0,405.107,"-19,0 ",2020,Directiva,8.941,3.447,5.494,"38,6","61,4","-22,9"
Metropolitana,2020,-21.0,450.592,500.0,405.107,"-19,0 ",2020,Profesionales,95.619,55.536,40.083,"58,1","41,9","16,2"
Metropolitana,2020,-21.0,450.592,500.0,405.107,"-19,0 ",2020,Profesional Ley N°15.076/19.664,2.906,1.598,1.308,"55,0","45,0","10,0"
Metropolitana,2020,-21.0,450.592,500.0,405.107,"-19,0 ",2020,Fiscalizadores,2.675,1.063,1.612,"39,7","60,3","-20,5"
Metropolitana,2020,-21.0,450.592,500.0,405.107,"-19,0 ",2020,Técnicos,24.137,15.024,9.113,"62,2","37,8","24,5"
Metropolitana,2020,-21.0,450.592,500.0,405.107,"-19,0 ",2020,Administrativos,26.814,16.162,10.652,"60,3","39,7","20,5"
Metropolitana,2020,-21.0,450.592,500.0,405.107,"-19,0 ",2020,Auxiliares,7.014,3.008,4.006,"42,9","57,1","-14,2"
Metropolitana,2020,-21.0,450.592,500.0,405.107,"-19,0 ",2020,Otros,0.0,0.0,0.0,"0,0","0,0","0,0"
O'Higgins,2020,-17.8,400.0,424.998,350.461,"-17,5 ",2020,Directiva,8.941,3.447,5.494,"38,6","61,4","-22,9"
O'Higgins,2020,-17.8,400.0,424.998,350.461,"-17,5 ",2020,Profesionales,95.619,55.536,40.083,"58,1","41,9","16,2"
O'Higgins,2020,-17.8,400.0,424.998,350.461,"-17,5 ",2020,Profesional Ley N°15.076/19.664,2.906,1.598,1.308,"55,0","45,0","10,0"
O'Higgins,2020,-17.8,400.0,424.998,350.461,"-17,5 ",2020,Fiscalizadores,2.675,1.063,1.612,"39,7","60,3","-20,5"
O'Higgins,2020,-17.8,400.0,424.998,350.461,"-17,5 ",2020,Técnicos,24.137,15.024,9.113,"62,2","37,8","24,5"
O'Higgins,2020,-17.8,400.0,424.998,350.461,"-17,5 ",2020,Administrativos,26.814,16.162,10.652,"60,3","39,7","20,5"
O'Higgins,2020,-17.8,400.0,424.998,350.461,"-17,5 ",2020,Auxiliares,7.014,3.008,4.006,"42,9","57,1","-14,2"
O'Higgins,2020,-17.8,400.0,424.998,350.461,"-17,5 ",2020,Otros,0.0,0.0,0.0,"0,0","0,0","0,0"
Maule,2020,-15.6,380.0,400.0,332.368,"-16,9 ",2020,Directiva,8.941,3.447,5.494,"38,6","61,4","-22,9"
Maule,2020,-15.6,380.0,400.0,332.368,"-16,9 ",2020,Profesionales,95.619,55.536,40.083,"58,1","41,9","16,2"
Maule,2020,-15.6,380.0,400.0,332.368,"-16,9 ",2020,Profesional Ley N°15.076/19.664,2.906,1.598,1.308,"55,0","45,0","10,0"
Maule,2020,-15.6,380.0,400.0,332.368,"-16,9 ",2020,Fiscalizadores,2.675,1.063,1.612,"39,7","60,3","-20,5"
Maule,2020,-15.6,380.0,400.0,332.368,"-16,9 ",2020,Técnicos,24.137,15.024,9.113,"62,2","37,8","24,5"
Maule,2020,-15.6,380.0,400.0,332.368,"-16,9 ",2020,Administrativos,26.814,16.162,10.652,"60,3","39,7","20,5"
Maule,2020,-15.6,380.0,400.0,332.368,"-16,9 ",2020,Auxiliares,7.014,3.008,4.006,"42,9","57,1","-14,2"
Maule,2020,-15.6,380.0,400.0,332.368,"-16,9 ",2020,Otros,0.0,0.0,0.0,"0,0","0,0","0,0"
Ñuble,2020,-10.2,350.554,362.323,330.124,"-8,9 ",2020,Directiva,8.941,3.447,5.494,"38,6","61,4","-22,9"
Ñuble,2020,-10.2,350.554,362.323,330.124,"-8,9 ",2020,Profesionales,95.619,55.536,40.083,"58,1","41,9","16,2"
Ñuble,2020,-10.2,350.554,362.323,330.124,"-8,9 ",2020,Profesional Ley N°15.076/19.664,2.906,1.598,1.308,"55,0","45,0","10,0"
Ñuble,2020,-10.2,350.554,362.323,330.124,"-8,9 ",2020,Fiscalizadores,2.675,1.063,1.612,"39,7","60,3","-20,5"
Ñuble,2020,-10.2,350.554,362.323,330.124,"-8,9 ",2020,Técnicos,24.137,15.024,9.113,"62,2","37,8","24,5"
Ñuble,2020,-10.2,350.554,362.323,330.124,"-8,9 ",2020,Administrativos,26.814,16.162,10.652,"60,3","39,7","20,5"
Ñuble,2020,-10.2,350.554,362.323,330.124,"-8,9 ",2020,Auxiliares,7.014,3.008,4.006,"42,9","57,1","-14,2"
Ñuble,2020,-10.2,350.554,362.323,330.124,"-8,9 ",2020,Otros,0.0,0.0,0.0,"0,0","0,0","0,0"
Biobío,2020,-17.7,400.526,445.353,359.564,"-19,3 ",2020,Directiva,8.941,3.447,5.494,"38,6","61,4","-22,9"
Biobío,2020,-17.7,400.526,445.353,359.564,"-19,3 ",2020,Profesionales,95.619,55.536,40.083,"58,1","41,9","16,2"
Biobío,2020,-17.7,400.526,445.353,359.564,"-19,3 ",2020,Profesional Ley N°15.076/19.664,2.906,1.598,1.308,"55,0","45,0","10,0"
Biobío,2020,-17.7,400.526,445.353,359.564,"-19,3 ",2020,Fiscalizadores,2.675,1.063,1.612,"39,7","60,3","-20,5"
Biobío,2020,-17.7,400.526,445.353,359.564,"-19,3 ",2020,Técnicos,24.137,15.024,9.113,"62,2","37,8","24,5"
Biobío,2020,-17.7,400.526,445.353,359.564,"-19,3 ",2020,Administrativos,26.814,16.162,10.652,"60,3","39,7","20,5"
Biobío,2020,-17.7,400.526,445.353,359.564,"-19,3 ",2020,Auxiliares,7.014,3.008,4.006,"42,9","57,1","-14,2"
Biobío,2020,-17.7,400.526,445.353,359.564,"-19,3 ",2020,Otros,0.0,0.0,0.0,"0,0","0,0","0,0"
La Araucanía,2020,-18.0,370.277,400.0,350.461,"-12,4 ",2020,Directiva,8.941,3.447,5.494,"38,6","61,4","-22,9"
La Araucanía,2020,-18.0,370.277,400.0,350.461,"-12,4 ",2020,Profesionales,95.619,55.536,40.083,"58,1","41,9","16,2"
La Araucanía,2020,-18.0,370.277,400.0,350.461,"-12,4 ",2020,Profesional Ley N°15.076/19.664,2.906,1.598,1.308,"55,0","45,0","10,0"
La Araucanía,2020,-18.0,370.277,400.0,350.461,"-12,4 ",2020,Fiscalizadores,2.675,1.063,1.612,"39,7","60,3","-20,5"
La Araucanía,2020,-18.0,370.277,400.0,350.461,"-12,4 ",2020,Técnicos,24.137,15.024,9.113,"62,2","37,8","24,5"
La Araucanía,2020,-18.0,370.277,400.0,350.461,"-12,4 ",2020,Administrativos,26.814,16.162,10.652,"60,3","39,7","20,5"
La Araucanía,2020,-18.0,370.277,400.0,350.461,"-12,4 ",2020,Auxiliares,7.014,3.008,4.006,"42,9","57,1","-14,2"
La Araucanía,2020,-18.0,370.277,400.0,350.461,"-12,4 ",2020,Otros,0.0,0.0,0.0,"0,0","0,0","0,0"
Los Ríos,2020,-12.8,380.5,400.0,350.46,"-12,4 ",2020,Directiva,8.941,3.447,5.494,"38,6","61,4","-22,9"
Los Ríos,2020,-12.8,380.5,400.0,350.46,"-12,4 ",2020,Profesionales,95.619,55.536,40.083,"58,1","41,9","16,2"
Los Ríos,2020,-12.8,380.5,400.0,350.46,"-12,4 ",2020,Profesional Ley N°15.076/19.664,2.906,1.598,1.308,"55,0","45,0","10,0"
Los Ríos,2020,-12.8,380.5,400.0,350.46,"-12,4 ",2020,Fiscalizadores,2.675,1.063,1.612,"39,7","60,3","-20,5"
Los Ríos,2020,-12.8,380.5,400.0,350.46,"-12,4 ",2020,Técnicos,24.137,15.024,9.113,"62,2","37,8","24,5"
Los Ríos,2020,-12.8,380.5,400.0,350.46,"-12,4 ",2020,Administrativos,26.814,16.162,10.652,"60,3","39,7","20,5"
Los Ríos,2020,-12.8,380.5,400.0,350.46,"-12,4 ",2020,Auxiliares,7.014,3.008,4.006,"42,9","57,1","-14,2"
Los Ríos,2020,-12.8,380.5,400.0,350.46,"-12,4 ",2020,Otros,0.0,0.0,0.0,"0,0","0,0","0,0"
Los Lagos,2020,-11.6,400.526,433.426,352.382,"-18,7 ",2020,Directiva,8.941,3.447,5.494,"38,6","61,4","-22,9"
Los Lagos,2020,-11.6,400.526,433.426,352.382,"-18,7 ",2020,Profesionales,95.619,55.536,40.083,"58,1","41,9","16,2"
Los Lagos,2020,-11.6,400.526,433.426,352.382,"-18,7 ",2020,Profesional Ley N°15.076/19.664,2.906,1.598,1.308,"55,0","45,0","10,0"
Los Lagos,2020,-11.6,400.526,433.426,352.382,"-18,7 ",2020,Fiscalizadores,2.675,1.063,1.612,"39,7","60,3","-20,5"
Los Lagos,2020,-11.6,400.526,433.426,352.382,"-18,7 ",2020,Técnicos,24.137,15.024,9.113,"62,2","37,8","24,5"
Los Lagos,2020,-11.6,400.526,433.426,352.382,"-18,7 ",2020,Administrativos,26.814,16.162,10.652,"60,3","39,7","20,5"
Los Lagos,2020,-11.6,400.526,433.426,352.382,"-18,7 ",2020,Auxiliares,7.014,3.008,4.006,"42,9","57,1","-14,2"
Los Lagos,2020,-11.6,400.526,433.426,352.382,"-18,7 ",2020,Otros,0.0,0.0,0.0,"0,0","0,0","0,0"
Aysén,2020,-9.5,442.642,481.308,400.526,"-16,8 ",2020,Directiva,8.941,3.447,5.494,"38,6","61,4","-22,9"
Aysén,2020,-9.5,442.642,481.308,400.526,"-16,8 ",2020,Profesionales,95.619,55.536,40.083,"58,1","41,9","16,2"
Aysén,2020,-9.5,442.642,481.308,400.526,"-16,8 ",2020,Profesional Ley N°15.076/19.664,2.906,1.598,1.308,"55,0","45,0","10,0"
Aysén,2020,-9.5,442.642,481.308,400.526,"-16,8 ",2020,Fiscalizadores,2.675,1.063,1.612,"39,7","60,3","-20,5"
Aysén,2020,-9.5,442.642,481.308,400.526,"-16,8 ",2020,Técnicos,24.137,15.024,9.113,"62,2","37,8","24,5"
Aysén,2020,-9.5,442.642,481.308,400.526,"-16,8 ",2020,Administrativos,26.814,16.162,10.652,"60,3","39,7","20,5"
Aysén,2020,-9.5,442.642,481.308,400.526,"-16,8 ",2020,Auxiliares,7.014,3.008,4.006,"42,9","57,1","-14,2"
Aysén,2020,-9.5,442.642,481.308,400.526,"-16,8 ",2020,Otros,0.0,0.0,0.0,"0,0","0,0","0,0"
Magallanes,2020,-32.2,600.0,700.0,500.0,"-28,6 ",2020,Directiva,8.941,3.447,5.494,"38,6","61,4","-22,9"
Magallanes,2020,-32.2,600.0,700.0,500.0,"-28,6 ",2020,Profesionales,95.619,55.536,40.083,"58,1","41,9","16,2"
Magallanes,2020,-32.2,600.0,700.0,500.0,"-28,6 ",2020,Profesional Ley N°15.076/19.664,2.906,1.598,1.308,"55,0","45,0","10,0"
Magallanes,2020,-32.2,600.0,700.0,500.0,"-28,6 ",2020,Fiscalizadores,2.675,1.063,1.612,"39,7","60,3","-20,5"
Magallanes,2020,-32.2,600.0,700.0,500.0,"-28,6 ",2020,Técnicos,24.137,15.024,9.113,"62,2","37,8","24,5"
Magallanes,2020,-32.2,600.0,700.0,500.0,"-28,6 ",2020,Administrativos,26.814,16.162,10.652,"60,3","39,7","20,5"
Magallanes,2020,-32.2,600.0,700.0,500.0,"-28,6 ",2020,Auxiliares,7.014,3.008,4.006,"42,9","57,1","-14,2"
Magallanes,2020,-32.2,600.0,700.0,500.0,"-28,6 ",2020,Otros,0.0,0.0,0.0,"0,0","0,0","0,0"
Arica y Parinacota,2021,-29.6,420.239,460.238,362.359,"-21,3 ",2021,Directiva,10.888,4.145,6.743,"38,1","61,9","-23,9"
Arica y Parinacota,2021,-29.6,420.239,460.238,362.359,"-21,3 ",2021,Profesionales,103.989,58.667,45.322,"56,4","43,6","12,8"
Arica y Parinacota,2021,-29.6,420.239,460.238,362.359,"-21,3 ",2021,Profesional Ley N°15.076/19.664,1.961,1.055,906.0,"53,8","46,2","7,6"
Arica y Parinacota,2021,-29.6,420.239,460.238,362.359,"-21,3 ",2021,Fiscalizadores,6.332,2.745,3.587,"43,4","56,6","-13,3"
Arica y Parinacota,2021,-29.6,420.239,460.238,362.359,"-21,3 ",2021,Técnicos,24.963,15.365,9.598,"61,6","38,4","23,1"
Arica y Parinacota,2021,-29.6,420.239,460.238,362.359,"-21,3 ",2021,Administrativos,28.343,17.441,10.902,"61,5","38,5","23,1"
Arica y Parinacota,2021,-29.6,420.239,460.238,362.359,"-21,3 ",2021,Auxiliares,8.639,3.922,4.717,"45,4","54,6","-9,2"
Arica y Parinacota,2021,-29.6,420.239,460.238,362.359,"-21,3 ",2021,Otros,0.0,0.0,0.0,"0,0","0,0","0,0"
Tarapacá,2021,-30.8,469.28,506.685,380.0,"-25,0 ",2021,Directiva,10.888,4.145,6.743,"38,1","61,9","-23,9"
Tarapacá,2021,-30.8,469.28,506.685,380.0,"-25,0 ",2021,Profesionales,103.989,58.667,45.322,"56,4","43,6","12,8"
Tarapacá,2021,-30.8,469.28,506.685,380.0,"-25,0 ",2021,Profesional Ley N°15.076/19.664,1.961,1.055,906.0,"53,8","46,2","7,6"
Tarapacá,2021,-30.8,469.28,506.685,380.0,"-25,0 ",2021,Fiscalizadores,6.332,2.745,3.587,"43,4","56,6","-13,3"
Tarapacá,2021,-30.8,469.28,506.685,380.0,"-25,0 ",2021,Técnicos,24.963,15.365,9.598,"61,6","38,4","23,1"
Tarapacá,2021,-30.8,469.28,506.685,380.0,"-25,0 ",2021,Administrativos,28.343,17.441,10.902,"61,5","38,5","23,1"
Tarapacá,2021,-30.8,469.28,506.685,380.0,"-25,0 ",2021,Auxiliares,8.639,3.922,4.717,"45,4","54,6","-9,2"
Tarapacá,2021,-30.8,469.28,506.685,380.0,"-25,0 ",2021,Otros,0.0,0.0,0.0,"0,0","0,0","0,0"
Antofagasta,2021,-31.2,570.0,658.69,420.0,"-36,2 ",2021,Directiva,10.888,4.145,6.743,"38,1","61,9","-23,9"
Antofagasta,2021,-31.2,570.0,658.69,420.0,"-36,2 ",2021,Profesionales,103.989,58.667,45.322,"56,4","43,6","12,8"
Antofagasta,2021,-31.2,570.0,658.69,420.0,"-36,2 ",2021,Profesional Ley N°15.076/19.664,1.961,1.055,906.0,"53,8","46,2","7,6"
Antofagasta,2021,-31.2,570.0,658.69,420.0,"-36,2 ",2021,Fiscalizadores,6.332,2.745,3.587,"43,4","56,6","-13,3"
Antofagasta,2021,-31.2,570.0,658.69,420.0,"-36,2 ",2021,Técnicos,24.963,15.365,9.598,"61,6","38,4","23,1"
Antofagasta,2021,-31.2,570.0,658.69,420.0,"-36,2 ",2021,Administrativos,28.343,17.441,10.902,"61,5","38,5","23,1"
Antofagasta,2021,-31.2,570.0,658.69,420.0,"-36,2 ",2021,Auxiliares,8.639,3.922,4.717,"45,4","54,6","-9,2"
Antofagasta,2021,-31.2,570.0,658.69,420.0,"-36,2 ",2021,Otros,0.0,0.0,0.0,"0,0","0,0","0,0"
Atacama,2021,-26.8,506.685,602.766,399.073,"-33,8 ",2021,Directiva,10.888,4.145,6.743,"38,1","61,9","-23,9"
Atacama,2021,-26.8,506.685,602.766,399.073,"-33,8 ",2021,Profesionales,103.989,58.667,45.322,"56,4","43,6","12,8"
Atacama,2021,-26.8,506.685,602.766,399.073,"-33,8 ",2021,Profesional Ley N°15.076/19.664,1.961,1.055,906.0,"53,8","46,2","7,6"
Atacama,2021,-26.8,506.685,602.766,399.073,"-33,8 ",2021,Fiscalizadores,6.332,2.745,3.587,"43,4","56,6","-13,3"
Atacama,2021,-26.8,506.685,602.766,399.073,"-33,8 ",2021,Técnicos,24.963,15.365,9.598,"61,6","38,4","23,1"
Atacama,2021,-26.8,506.685,602.766,399.073,"-33,8 ",2021,Administrativos,28.343,17.441,10.902,"61,5","38,5","23,1"
Atacama,2021,-26.8,506.685,602.766,399.073,"-33,8 ",2021,Auxiliares,8.639,3.922,4.717,"45,4","54,6","-9,2"
Atacama,2021,-26.8,506.685,602.766,399.073,"-33,8 ",2021,Otros,0.0,0.0,0.0,"0,0","0,0","0,0"
Coquimbo,2021,-29.6,405.348,456.016,374.947,"-17,8 ",2021,Directiva,10.888,4.145,6.743,"38,1","61,9","-23,9"
Coquimbo,2021,-29.6,405.348,456.016,374.947,"-17,8 ",2021,Profesionales,103.989,58.667,45.322,"56,4","43,6","12,8"
Coquimbo,2021,-29.6,405.348,456.016,374.947,"-17,8 ",2021,Profesional Ley N°15.076/19.664,1.961,1.055,906.0,"53,8","46,2","7,6"
Coquimbo,2021,-29.6,405.348,456.016,374.947,"-17,8 ",2021,Fiscalizadores,6.332,2.745,3.587,"43,4","56,6","-13,3"
Coquimbo,2021,-29.6,405.348,456.016,374.947,"-17,8 ",2021,Técnicos,24.963,15.365,9.598,"61,6","38,4","23,1"
Coquimbo,2021,-29.6,405.348,456.016,374.947,"-17,8 ",2021,Administrativos,28.343,17.441,10.902,"61,5","38,5","23,1"
Coquimbo,2021,-29.6,405.348,456.016,374.947,"-17,8 ",2021,Auxiliares,8.639,3.922,4.717,"45,4","54,6","-9,2"
Coquimbo,2021,-29.6,405.348,456.016,374.947,"-17,8 ",2021,Otros,0.0,0.0,0.0,"0,0","0,0","0,0"
Valparaíso,2021,-23.7,427.687,480.0,381.23,"-20,6 ",2021,Directiva,10.888,4.145,6.743,"38,1","61,9","-23,9"
Valparaíso,2021,-23.7,427.687,480.0,381.23,"-20,6 ",2021,Profesionales,103.989,58.667,45.322,"56,4","43,6","12,8"
Valparaíso,2021,-23.7,427.687,480.0,381.23,"-20,6 ",2021,Profesional Ley N°15.076/19.664,1.961,1.055,906.0,"53,8","46,2","7,6"
Valparaíso,2021,-23.7,427.687,480.0,381.23,"-20,6 ",2021,Fiscalizadores,6.332,2.745,3.587,"43,4","56,6","-13,3"
Valparaíso,2021,-23.7,427.687,480.0,381.23,"-20,6 ",2021,Técnicos,24.963,15.365,9.598,"61,6","38,4","23,1"
Valparaíso,2021,-23.7,427.687,480.0,381.23,"-20,6 ",2021,Administrativos,28.343,17.441,10.902,"61,5","38,5","23,1"
Valparaíso,2021,-23.7,427.687,480.0,381.23,"-20,6 ",2021,Auxiliares,8.639,3.922,4.717,"45,4","54,6","-9,2"
Valparaíso,2021,-23.7,427.687,480.0,381.23,"-20,6 ",2021,Otros,0.0,0.0,0.0,"0,0","0,0","0,0"
Metropolitana,2021,-21.4,500.0,506.685,456.016,"-10,0 ",2021,Directiva,10.888,4.145,6.743,"38,1","61,9","-23,9"
Metropolitana,2021,-21.4,500.0,506.685,456.016,"-10,0 ",2021,Profesionales,103.989,58.667,45.322,"56,4","43,6","12,8"
Metropolitana,2021,-21.4,500.0,506.685,456.016,"-10,0 ",2021,Profesional Ley N°15.076/19.664,1.961,1.055,906.0,"53,8","46,2","7,6"
Metropolitana,2021,-21.4,500.0,506.685,456.016,"-10,0 ",2021,Fiscalizadores,6.332,2.745,3.587,"43,4","56,6","-13,3"
Metropolitana,2021,-21.4,500.0,506.685,456.016,"-10,0 ",2021,Técnicos,24.963,15.365,9.598,"61,6","38,4","23,1"
Metropolitana,2021,-21.4,500.0,506.685,456.016,"-10,0 ",2021,Administrativos,28.343,17.441,10.902,"61,5","38,5","23,1"
Metropolitana,2021,-21.4,500.0,506.685,456.016,"-10,0 ",2021,Auxiliares,8.639,3.922,4.717,"45,4","54,6","-9,2"
Metropolitana,2021,-21.4,500.0,506.685,456.016,"-10,0 ",2021,Otros,0.0,0.0,0.0,"0,0","0,0","0,0"
O'Higgins,2021,-31.0,400.0,420.637,360.0,"-14,4 ",2021,Directiva,10.888,4.145,6.743,"38,1","61,9","-23,9"
O'Higgins,2021,-31.0,400.0,420.637,360.0,"-14,4 ",2021,Profesionales,103.989,58.667,45.322,"56,4","43,6","12,8"
O'Higgins,2021,-31.0,400.0,420.637,360.0,"-14,4 ",2021,Profesional Ley N°15.076/19.664,1.961,1.055,906.0,"53,8","46,2","7,6"
O'Higgins,2021,-31.0,400.0,420.637,360.0,"-14,4 ",2021,Fiscalizadores,6.332,2.745,3.587,"43,4","56,6","-13,3"
O'Higgins,2021,-31.0,400.0,420.637,360.0,"-14,4 ",2021,Técnicos,24.963,15.365,9.598,"61,6","38,4","23,1"
O'Higgins,2021,-31.0,400.0,420.637,360.0,"-14,4 ",2021,Administrativos,28.343,17.441,10.902,"61,5","38,5","23,1"
O'Higgins,2021,-31.0,400.0,420.637,360.0,"-14,4 ",2021,Auxiliares,8.639,3.922,4.717,"45,4","54,6","-9,2"
O'Higgins,2021,-31.0,400.0,420.637,360.0,"-14,4 ",2021,Otros,0.0,0.0,0.0,"0,0","0,0","0,0"
Maule,2021,-14.7,400.0,412.436,379.53,"-8,0 ",2021,Directiva,10.888,4.145,6.743,"38,1","61,9","-23,9"
Maule,2021,-14.7,400.0,412.436,379.53,"-8,0 ",2021,Profesionales,103.989,58.667,45.322,"56,4","43,6","12,8"
Maule,2021,-14.7,400.0,412.436,379.53,"-8,0 ",2021,Profesional Ley N°15.076/19.664,1.961,1.055,906.0,"53,8","46,2","7,6"
Maule,2021,-14.7,400.0,412.436,379.53,"-8,0 ",2021,Fiscalizadores,6.332,2.745,3.587,"43,4","56,6","-13,3"
Maule,2021,-14.7,400.0,412.436,379.53,"-8,0 ",2021,Técnicos,24.963,15.365,9.598,"61,6","38,4","23,1"
Maule,2021,-14.7,400.0,412.436,379.53,"-8,0 ",2021,Administrativos,28.343,17.441,10.902,"61,5","38,5","23,1"
Maule,2021,-14.7,400.0,412.436,379.53,"-8,0 ",2021,Auxiliares,8.639,3.922,4.717,"45,4","54,6","-9,2"
Maule,2021,-14.7,400.0,412.436,379.53,"-8,0 ",2021,Otros,0.0,0.0,0.0,"0,0","0,0","0,0"
Ñuble,2021,-21.7,400.0,405.348,350.0,"-13,7 ",2021,Directiva,10.888,4.145,6.743,"38,1","61,9","-23,9"
Ñuble,2021,-21.7,400.0,405.348,350.0,"-13,7 ",2021,Profesionales,103.989,58.667,45.322,"56,4","43,6","12,8"
Ñuble,2021,-21.7,400.0,405.348,350.0,"-13,7 ",2021,Profesional Ley N°15.076/19.664,1.961,1.055,906.0,"53,8","46,2","7,6"
Ñuble,2021,-21.7,400.0,405.348,350.0,"-13,7 ",2021,Fiscalizadores,6.332,2.745,3.587,"43,4","56,6","-13,3"
Ñuble,2021,-21.7,400.0,405.348,350.0,"-13,7 ",2021,Técnicos,24.963,15.365,9.598,"61,6","38,4","23,1"
Ñuble,2021,-21.7,400.0,405.348,350.0,"-13,7 ",2021,Administrativos,28.343,17.441,10.902,"61,5","38,5","23,1"
Ñuble,2021,-21.7,400.0,405.348,350.0,"-13,7 ",2021,Auxiliares,8.639,3.922,4.717,"45,4","54,6","-9,2"
Ñuble,2021,-21.7,400.0,405.348,350.0,"-13,7 ",2021,Otros,0.0,0.0,0.0,"0,0","0,0","0,0"
Biobío,2021,-21.6,427.467,473.5,379.13,"-19,9 ",2021,Directiva,10.888,4.145,6.743,"38,1","61,9","-23,9"
Biobío,2021,-21.6,427.467,473.5,379.13,"-19,9 ",2021,Profesionales,103.989,58.667,45.322,"56,4","43,6","12,8"
Biobío,2021,-21.6,427.467,473.5,379.13,"-19,9 ",2021,Profesional Ley N°15.076/19.664,1.961,1.055,906.0,"53,8","46,2","7,6"
Biobío,2021,-21.6,427.467,473.5,379.13,"-19,9 ",2021,Fiscalizadores,6.332,2.745,3.587,"43,4","56,6","-13,3"
Biobío,2021,-21.6,427.467,473.5,379.13,"-19,9 ",2021,Técnicos,24.963,15.365,9.598,"61,6","38,4","23,1"
Biobío,2021,-21.6,427.467,473.5,379.13,"-19,9 ",2021,Administrativos,28.343,17.441,10.902,"61,5","38,5","23,1"
Biobío,2021,-21.6,427.467,473.5,379.13,"-19,9 ",2021,Auxiliares,8.639,3.922,4.717,"45,4","54,6","-9,2"
Biobío,2021,-21.6,427.467,473.5,379.13,"-19,9 ",2021,Otros,0.0,0.0,0.0,"0,0","0,0","0,0"
La Araucanía,2021,-15.8,397.991,400.0,358.951,"-10,3 ",2021,Directiva,10.888,4.145,6.743,"38,1","61,9","-23,9"
La Araucanía,2021,-15.8,397.991,400.0,358.951,"-10,3 ",2021,Profesionales,103.989,58.667,45.322,"56,4","43,6","12,8"
La Araucanía,2021,-15.8,397.991,400.0,358.951,"-10,3 ",2021,Profesional Ley N°15.076/19.664,1.961,1.055,906.0,"53,8","46,2","7,6"
La Araucanía,2021,-15.8,397.991,400.0,358.951,"-10,3 ",2021,Fiscalizadores,6.332,2.745,3.587,"43,4","56,6","-13,3"
La Araucanía,2021,-15.8,397.991,400.0,358.951,"-10,3 ",2021,Técnicos,24.963,15.365,9.598,"61,6","38,4","23,1"
La Araucanía,2021,-15.8,397.991,400.0,358.951,"-10,3 ",2021,Administrativos,28.343,17.441,10.902,"61,5","38,5","23,1"
La Araucanía,2021,-15.8,397.991,400.0,358.951,"-10,3 ",2021,Auxiliares,8.639,3.922,4.717,"45,4","54,6","-9,2"
La Araucanía,2021,-15.8,397.991,400.0,358.951,"-10,3 ",2021,Otros,0.0,0.0,0.0,"0,0","0,0","0,0"
Los Ríos,2021,-20.0,420.0,456.016,397.991,"-12,7 ",2021,Directiva,10.888,4.145,6.743,"38,1","61,9","-23,9"
Los Ríos,2021,-20.0,420.0,456.016,397.991,"-12,7 ",2021,Profesionales,103.989,58.667,45.322,"56,4","43,6","12,8"
Los Ríos,2021,-20.0,420.0,456.016,397.991,"-12,7 ",2021,Profesional Ley N°15.076/19.664,1.961,1.055,906.0,"53,8","46,2","7,6"
Los Ríos,2021,-20.0,420.0,456.016,397.991,"-12,7 ",2021,Fiscalizadores,6.332,2.745,3.587,"43,4","56,6","-13,3"
Los Ríos,2021,-20.0,420.0,456.016,397.991,"-12,7 ",2021,Técnicos,24.963,15.365,9.598,"61,6","38,4","23,1"
Los Ríos,2021,-20.0,420.0,456.016,397.991,"-12,7 ",2021,Administrativos,28.343,17.441,10.902,"61,5","38,5","23,1"
Los Ríos,2021,-20.0,420.0,456.016,397.991,"-12,7 ",2021,Auxiliares,8.639,3.922,4.717,"45,4","54,6","-9,2"
Los Ríos,2021,-20.0,420.0,456.016,397.991,"-12,7 ",2021,Otros,0.0,0.0,0.0,"0,0","0,0","0,0"
Los Lagos,2021,-12.2,405.348,425.615,400.0,"-6,0 ",2021,Directiva,10.888,4.145,6.743,"38,1","61,9","-23,9"
Los Lagos,2021,-12.2,405.348,425.615,400.0,"-6,0 ",2021,Profesionales,103.989,58.667,45.322,"56,4","43,6","12,8"
Los Lagos,2021,-12.2,405.348,425.615,400.0,"-6,0 ",2021,Profesional Ley N°15.076/19.664,1.961,1.055,906.0,"53,8","46,2","7,6"
Los Lagos,2021,-12.2,405.348,425.615,400.0,"-6,0 ",2021,Fiscalizadores,6.332,2.745,3.587,"43,4","56,6","-13,3"
Los Lagos,2021,-12.2,405.348,425.615,400.0,"-6,0 ",2021,Técnicos,24.963,15.365,9.598,"61,6","38,4","23,1"
Los Lagos,2021,-12.2,405.348,425.615,400.0,"-6,0 ",2021,Administrativos,28.343,17.441,10.902,"61,5","38,5","23,1"
Los Lagos,2021,-12.2,405.348,425.615,400.0,"-6,0 ",2021,Auxiliares,8.639,3.922,4.717,"45,4","54,6","-9,2"
Los Lagos,2021,-12.2,405.348,425.615,400.0,"-6,0 ",2021,Otros,0.0,0.0,0.0,"0,0","0,0","0,0"
Aysén,2021,-21.4,537.086,600.0,471.091,"-21,5 ",2021,Directiva,10.888,4.145,6.743,"38,1","61,9","-23,9"
Aysén,2021,-21.4,537.086,600.0,471.091,"-21,5 ",2021,Profesionales,103.989,58.667,45.322,"56,4","43,6","12,8"
Aysén,2021,-21.4,537.086,600.0,471.091,"-21,5 ",2021,Profesional Ley N°15.076/19.664,1.961,1.055,906.0,"53,8","46,2","7,6"
Aysén,2021,-21.4,537.086,600.0,471.091,"-21,5 ",2021,Fiscalizadores,6.332,2.745,3.587,"43,4","56,6","-13,3"
Aysén,2021,-21.4,537.086,600.0,471.091,"-21,5 ",2021,Técnicos,24.963,15.365,9.598,"61,6","38,4","23,1"
Aysén,2021,-21.4,537.086,600.0,471.091,"-21,5 ",2021,Administrativos,28.343,17.441,10.902,"61,5","38,5","23,1"
Aysén,2021,-21.4,537.086,600.0,471.091,"-21,5 ",2021,Auxiliares,8.639,3.922,4.717,"45,4","54,6","-9,2"
Aysén,2021,-21.4,537.086,600.0,471.091,"-21,5 ",2021,Otros,0.0,0.0,0.0,"0,0","0,0","0,0"
Magallanes,2021,-19.8,587.754,608.022,497.489,"-18,2 ",2021,Directiva,10.888,4.145,6.743,"38,1","61,9","-23,9"
Magallanes,2021,-19.8,587.754,608.022,497.489,"-18,2 ",2021,Profesionales,103.989,58.667,45.322,"56,4","43,6","12,8"
Magallanes,2021,-19.8,587.754,608.022,497.489,"-18,2 ",2021,Profesional Ley N°15.076/19.664,1.961,1.055,906.0,"53,8","46,2","7,6"
Magallanes,2021,-19.8,587.754,608.022,497.489,"-18,2 ",2021,Fiscalizadores,6.332,2.745,3.587,"43,4","56,6","-13,3"
Magallanes,2021,-19.8,587.754,608.022,497.489,"-18,2 ",2021,Técnicos,24.963,15.365,9.598,"61,6","38,4","23,1"
Magallanes,2021,-19.8,587.754,608.022,497.489,"-18,2 ",2021,Administrativos,28.343,17.441,10.902,"61,5","38,5","23,1"
Magallanes,2021,-19.8,587.754,608.022,497.489,"-18,2 ",2021,Auxiliares,8.639,3.922,4.717,"45,4","54,6","-9,2"
Magallanes,2021,-19.8,587.754,608.022,497.489,"-18,2 ",2021,Otros,0.0,0.0,0.0,"0,0","0,0","0,0"
Arica y Parinacota,2022,-24.5,412.179,488.306,371.34,"-24,0 ",2022,Directiva,12.231,5.011,7.22,"41,0","59,0","-18,1"
Arica y Parinacota,2022,-24.5,412.179,488.306,371.34,"-24,0 ",2022,Profesionales,122.67,70.918,51.752,"57,8","42,2","15,6"
Arica y Parinacota,2022,-24.5,412.179,488.306,371.34,"-24,0 ",2022,Profesional Ley N°15.076/19.664,1.975,1.104,871.0,"55,9","44,1","11,8"
Arica y Parinacota,2022,-24.5,412.179,488.306,371.34,"-24,0 ",2022,Fiscalizadores,9.011,4.02,4.991,"44,6","55,4","-10,8"
Arica y Parinacota,2022,-24.5,412.179,488.306,371.34,"-24,0 ",2022,Técnicos,36.27,22.469,13.801,"61,9","38,1","23,9"
Arica y Parinacota,2022,-24.5,412.179,488.306,371.34,"-24,0 ",2022,Administrativos,39.392,24.194,15.198,"61,4","38,6","22,8"
Arica y Parinacota,2022,-24.5,412.179,488.306,371.34,"-24,0 ",2022,Auxiliares,12.867,5.285,7.582,"41,1","58,9","-17,9"
Arica y Parinacota,2022,-24.5,412.179,488.306,371.34,"-24,0 ",2022,Otros,0.0,0.0,0.0,"0,0","0,0","0,0"
Tarapacá,2022,-34.5,500.0,598.689,436.754,"-27,0 ",2022,Directiva,12.231,5.011,7.22,"41,0","59,0","-18,1"
Tarapacá,2022,-34.5,500.0,598.689,436.754,"-27,0 ",2022,Profesionales,122.67,70.918,51.752,"57,8","42,2","15,6"
Tarapacá,2022,-34.5,500.0,598.689,436.754,"-27,0 ",2022,Profesional Ley N°15.076/19.664,1.975,1.104,871.0,"55,9","44,1","11,8"
Tarapacá,2022,-34.5,500.0,598.689,436.754,"-27,0 ",2022,Fiscalizadores,9.011,4.02,4.991,"44,6","55,4","-10,8"
Tarapacá,2022,-34.5,500.0,598.689,436.754,"-27,0 ",2022,Técnicos,36.27,22.469,13.801,"61,9","38,1","23,9"
Tarapacá,2022,-34.5,500.0,598.689,436.754,"-27,0 ",2022,Administrativos,39.392,24.194,15.198,"61,4","38,6","22,8"
Tarapacá,2022,-34.5,500.0,598.689,436.754,"-27,0 ",2022,Auxiliares,12.867,5.285,7.582,"41,1","58,9","-17,9"
Tarapacá,2022,-34.5,500.0,598.689,436.754,"-27,0 ",2022,Otros,0.0,0.0,0.0,"0,0","0,0","0,0"
Antofagasta,2022,-40.4,636.563,792.289,495.181,"-37,5 ",2022,Directiva,12.231,5.011,7.22,"41,0","59,0","-18,1"
Antofagasta,2022,-40.4,636.563,792.289,495.181,"-37,5 ",2022,Profesionales,122.67,70.918,51.752,"57,8","42,2","15,6"
Antofagasta,2022,-40.4,636.563,792.289,495.181,"-37,5 ",2022,Profesional Ley N°15.076/19.664,1.975,1.104,871.0,"55,9","44,1","11,8"
Antofagasta,2022,-40.4,636.563,792.289,495.181,"-37,5 ",2022,Fiscalizadores,9.011,4.02,4.991,"44,6","55,4","-10,8"
Antofagasta,2022,-40.4,636.563,792.289,495.181,"-37,5 ",2022,Técnicos,36.27,22.469,13.801,"61,9","38,1","23,9"
Antofagasta,2022,-40.4,636.563,792.289,495.181,"-37,5 ",2022,Administrativos,39.392,24.194,15.198,"61,4","38,6","22,8"
Antofagasta,2022,-40.4,636.563,792.289,495.181,"-37,5 ",2022,Auxiliares,12.867,5.285,7.582,"41,1","58,9","-17,9"
Antofagasta,2022,-40.4,636.563,792.289,495.181,"-37,5 ",2022,Otros,0.0,0.0,0.0,"0,0","0,0","0,0"
Atacama,2022,-34.4,573.813,663.762,450.0,"-32,2 ",2022,Directiva,12.231,5.011,7.22,"41,0","59,0","-18,1"
Atacama,2022,-34.4,573.813,663.762,450.0,"-32,2 ",2022,Profesionales,122.67,70.918,51.752,"57,8","42,2","15,6"
Atacama,2022,-34.4,573.813,663.762,450.0,"-32,2 ",2022,Profesional Ley N°15.076/19.664,1.975,1.104,871.0,"55,9","44,1","11,8"
Atacama,2022,-34.4,573.813,663.762,450.0,"-32,2 ",2022,Fiscalizadores,9.011,4.02,4.991,"44,6","55,4","-10,8"
Atacama,2022,-34.4,573.813,663.762,450.0,"-32,2 ",2022,Técnicos,36.27,22.469,13.801,"61,9","38,1","23,9"
Atacama,2022,-34.4,573.813,663.762,450.0,"-32,2 ",2022,Administrativos,39.392,24.194,15.198,"61,4","38,6","22,8"
Atacama,2022,-34.4,573.813,663.762,450.0,"-32,2 ",2022,Auxiliares,12.867,5.285,7.582,"41,1","58,9","-17,9"
Atacama,2022,-34.4,573.813,663.762,450.0,"-32,2 ",2022,Otros,0.0,0.0,0.0,"0,0","0,0","0,0"
Coquimbo,2022,-32.6,450.0,500.0,400.0,"-20,0 ",2022,Directiva,12.231,5.011,7.22,"41,0","59,0","-18,1"
Coquimbo,2022,-32.6,450.0,500.0,400.0,"-20,0 ",2022,Profesionales,122.67,70.918,51.752,"57,8","42,2","15,6"
Coquimbo,2022,-32.6,450.0,500.0,400.0,"-20,0 ",2022,Profesional Ley N°15.076/19.664,1.975,1.104,871.0,"55,9","44,1","11,8"
Coquimbo,2022,-32.6,450.0,500.0,400.0,"-20,0 ",2022,Fiscalizadores,9.011,4.02,4.991,"44,6","55,4","-10,8"
Coquimbo,2022,-32.6,450.0,500.0,400.0,"-20,0 ",2022,Técnicos,36.27,22.469,13.801,"61,9","38,1","23,9"
Coquimbo,2022,-32.6,450.0,500.0,400.0,"-20,0 ",2022,Administrativos,39.392,24.194,15.198,"61,4","38,6","22,8"
Coquimbo,2022,-32.6,450.0,500.0,400.0,"-20,0 ",2022,Auxiliares,12.867,5.285,7.582,"41,1","58,9","-17,9"
Coquimbo,2022,-32.6,450.0,500.0,400.0,"-20,0 ",2022,Otros,0.0,0.0,0.0,"0,0","0,0","0,0"
Valparaíso,2022,-22.9,490.0,502.604,404.314,"-19,6 ",2022,Directiva,12.231,5.011,7.22,"41,0","59,0","-18,1"
Valparaíso,2022,-22.9,490.0,502.604,404.314,"-19,6 ",2022,Profesionales,122.67,70.918,51.752,"57,8","42,2","15,6"
Valparaíso,2022,-22.9,490.0,502.604,404.314,"-19,6 ",2022,Profesional Ley N°15.076/19.664,1.975,1.104,871.0,"55,9","44,1","11,8"
Valparaíso,2022,-22.9,490.0,502.604,404.314,"-19,6 ",2022,Fiscalizadores,9.011,4.02,4.991,"44,6","55,4","-10,8"
Valparaíso,2022,-22.9,490.0,502.604,404.314,"-19,6 ",2022,Técnicos,36.27,22.469,13.801,"61,9","38,1","23,9"
Valparaíso,2022,-22.9,490.0,502.604,404.314,"-19,6 ",2022,Administrativos,39.392,24.194,15.198,"61,4","38,6","22,8"
Valparaíso,2022,-22.9,490.0,502.604,404.314,"-19,6 ",2022,Auxiliares,12.867,5.285,7.582,"41,1","58,9","-17,9"
Valparaíso,2022,-22.9,490.0,502.604,404.314,"-19,6 ",2022,Otros,0.0,0.0,0.0,"0,0","0,0","0,0"
Metropolitana,2022,-25.2,594.217,618.202,502.604,"-18,7 ",2022,Directiva,12.231,5.011,7.22,"41,0","59,0","-18,1"
Metropolitana,2022,-25.2,594.217,618.202,502.604,"-18,7 ",2022,Profesionales,122.67,70.918,51.752,"57,8","42,2","15,6"
Metropolitana,2022,-25.2,594.217,618.202,502.604,"-18,7 ",2022,Profesional Ley N°15.076/19.664,1.975,1.104,871.0,"55,9","44,1","11,8"
Metropolitana,2022,-25.2,594.217,618.202,502.604,"-18,7 ",2022,Fiscalizadores,9.011,4.02,4.991,"44,6","55,4","-10,8"
Metropolitana,2022,-25.2,594.217,618.202,502.604,"-18,7 ",2022,Técnicos,36.27,22.469,13.801,"61,9","38,1","23,9"
Metropolitana,2022,-25.2,594.217,618.202,502.604,"-18,7 ",2022,Administrativos,39.392,24.194,15.198,"61,4","38,6","22,8"
Metropolitana,2022,-25.2,594.217,618.202,502.604,"-18,7 ",2022,Auxiliares,12.867,5.285,7.582,"41,1","58,9","-17,9"
Metropolitana,2022,-25.2,594.217,618.202,502.604,"-18,7 ",2022,Otros,0.0,0.0,0.0,"0,0","0,0","0,0"
O'Higgins,2022,-26.2,450.0,500.0,400.0,"-20,0 ",2022,Directiva,12.231,5.011,7.22,"41,0","59,0","-18,1"
O'Higgins,2022,-26.2,450.0,500.0,400.0,"-20,0 ",2022,Profesionales,122.67,70.918,51.752,"57,8","42,2","15,6"
O'Higgins,2022,-26.2,450.0,500.0,400.0,"-20,0 ",2022,Profesional Ley N°15.076/19.664,1.975,1.104,871.0,"55,9","44,1","11,8"
O'Higgins,2022,-26.2,450.0,500.0,400.0,"-20,0 ",2022,Fiscalizadores,9.011,4.02,4.991,"44,6","55,4","-10,8"
O'Higgins,2022,-26.2,450.0,500.0,400.0,"-20,0 ",2022,Técnicos,36.27,22.469,13.801,"61,9","38,1","23,9"
O'Higgins,2022,-26.2,450.0,500.0,400.0,"-20,0 ",2022,Administrativos,39.392,24.194,15.198,"61,4","38,6","22,8"
O'Higgins,2022,-26.2,450.0,500.0,400.0,"-20,0 ",2022,Auxiliares,12.867,5.285,7.582,"41,1","58,9","-17,9"
O'Higgins,2022,-26.2,450.0,500.0,400.0,"-20,0 ",2022,Otros,0.0,0.0,0.0,"0,0","0,0","0,0"
Maule,2022,-14.6,450.0,462.395,420.0,"-9,2 ",2022,Directiva,12.231,5.011,7.22,"41,0","59,0","-18,1"
Maule,2022,-14.6,450.0,462.395,420.0,"-9,2 ",2022,Profesionales,122.67,70.918,51.752,"57,8","42,2","15,6"
Maule,2022,-14.6,450.0,462.395,420.0,"-9,2 ",2022,Profesional Ley N°15.076/19.664,1.975,1.104,871.0,"55,9","44,1","11,8"
Maule,2022,-14.6,450.0,462.395,420.0,"-9,2 ",2022,Fiscalizadores,9.011,4.02,4.991,"44,6","55,4","-10,8"
Maule,2022,-14.6,450.0,462.395,420.0,"-9,2 ",2022,Técnicos,36.27,22.469,13.801,"61,9","38,1","23,9"
Maule,2022,-14.6,450.0,462.395,420.0,"-9,2 ",2022,Administrativos,39.392,24.194,15.198,"61,4","38,6","22,8"
Maule,2022,-14.6,450.0,462.395,420.0,"-9,2 ",2022,Auxiliares,12.867,5.285,7.582,"41,1","58,9","-17,9"
Maule,2022,-14.6,450.0,462.395,420.0,"-9,2 ",2022,Otros,0.0,0.0,0.0,"0,0","0,0","0,0"
Ñuble,2022,-17.0,415.952,451.663,400.0,"-11,4 ",2022,Directiva,12.231,5.011,7.22,"41,0","59,0","-18,1"
Ñuble,2022,-17.0,415.952,451.663,400.0,"-11,4 ",2022,Profesionales,122.67,70.918,51.752,"57,8","42,2","15,6"
Ñuble,2022,-17.0,415.952,451.663,400.0,"-11,4 ",2022,Profesional Ley N°15.076/19.664,1.975,1.104,871.0,"55,9","44,1","11,8"
Ñuble,2022,-17.0,415.952,451.663,400.0,"-11,4 ",2022,Fiscalizadores,9.011,4.02,4.991,"44,6","55,4","-10,8"
Ñuble,2022,-17.0,415.952,451.663,400.0,"-11,4 ",2022,Técnicos,36.27,22.469,13.801,"61,9","38,1","23,9"
Ñuble,2022,-17.0,415.952,451.663,400.0,"-11,4 ",2022,Administrativos,39.392,24.194,15.198,"61,4","38,6","22,8"
Ñuble,2022,-17.0,415.952,451.663,400.0,"-11,4 ",2022,Auxiliares,12.867,5.285,7.582,"41,1","58,9","-17,9"
Ñuble,2022,-17.0,415.952,451.663,400.0,"-11,4 ",2022,Otros,0.0,0.0,0.0,"0,0","0,0","0,0"
Biobío,2022,-25.4,495.181,522.708,416.176,"-20,4 ",2022,Directiva,12.231,5.011,7.22,"41,0","59,0","-18,1"
Biobío,2022,-25.4,495.181,522.708,416.176,"-20,4 ",2022,Profesionales,122.67,70.918,51.752,"57,8","42,2","15,6"
Biobío,2022,-25.4,495.181,522.708,416.176,"-20,4 ",2022,Profesional Ley N°15.076/19.664,1.975,1.104,871.0,"55,9","44,1","11,8"
Biobío,2022,-25.4,495.181,522.708,416.176,"-20,4 ",2022,Fiscalizadores,9.011,4.02,4.991,"44,6","55,4","-10,8"
Biobío,2022,-25.4,495.181,522.708,416.176,"-20,4 ",2022,Técnicos,36.27,22.469,13.801,"61,9","38,1","23,9"
Biobío,2022,-25.4,495.181,522.708,416.176,"-20,4 ",2022,Administrativos,39.392,24.194,15.198,"61,4","38,6","22,8"
Biobío,2022,-25.4,495.181,522.708,416.176,"-20,4 ",2022,Auxiliares,12.867,5.285,7.582,"41,1","58,9","-17,9"
Biobío,2022,-25.4,495.181,522.708,416.176,"-20,4 ",2022,Otros,0.0,0.0,0.0,"0,0","0,0","0,0"
La Araucanía,2022,-19.5,422.187,450.0,400.0,"-11,1 ",2022,Directiva,12.231,5.011,7.22,"41,0","59,0","-18,1"
La Araucanía,2022,-19.5,422.187,450.0,400.0,"-11,1 ",2022,Profesionales,122.67,70.918,51.752,"57,8","42,2","15,6"
La Araucanía,2022,-19.5,422.187,450.0,400.0,"-11,1 ",2022,Profesional Ley N°15.076/19.664,1.975,1.104,871.0,"55,9","44,1","11,8"
La Araucanía,2022,-19.5,422.187,450.0,400.0,"-11,1 ",2022,Fiscalizadores,9.011,4.02,4.991,"44,6","55,4","-10,8"
La Araucanía,2022,-19.5,422.187,450.0,400.0,"-11,1 ",2022,Técnicos,36.27,22.469,13.801,"61,9","38,1","23,9"
La Araucanía,2022,-19.5,422.187,450.0,400.0,"-11,1 ",2022,Administrativos,39.392,24.194,15.198,"61,4","38,6","22,8"
La Araucanía,2022,-19.5,422.187,450.0,400.0,"-11,1 ",2022,Auxiliares,12.867,5.285,7.582,"41,1","58,9","-17,9"
La Araucanía,2022,-19.5,422.187,450.0,400.0,"-11,1 ",2022,Otros,0.0,0.0,0.0,"0,0","0,0","0,0"
Los Ríos,2022,-26.2,483.393,510.908,432.239,"-15,4 ",2022,Directiva,12.231,5.011,7.22,"41,0","59,0","-18,1"
Los Ríos,2022,-26.2,483.393,510.908,432.239,"-15,4 ",2022,Profesionales,122.67,70.918,51.752,"57,8","42,2","15,6"
Los Ríos,2022,-26.2,483.393,510.908,432.239,"-15,4 ",2022,Profesional Ley N°15.076/19.664,1.975,1.104,871.0,"55,9","44,1","11,8"
Los Ríos,2022,-26.2,483.393,510.908,432.239,"-15,4 ",2022,Fiscalizadores,9.011,4.02,4.991,"44,6","55,4","-10,8"
Los Ríos,2022,-26.2,483.393,510.908,432.239,"-15,4 ",2022,Técnicos,36.27,22.469,13.801,"61,9","38,1","23,9"
Los Ríos,2022,-26.2,483.393,510.908,432.239,"-15,4 ",2022,Administrativos,39.392,24.194,15.198,"61,4","38,6","22,8"
Los Ríos,2022,-26.2,483.393,510.908,432.239,"-15,4 ",2022,Auxiliares,12.867,5.285,7.582,"41,1","58,9","-17,9"
Los Ríos,2022,-26.2,483.393,510.908,432.239,"-15,4 ",2022,Otros,0.0,0.0,0.0,"0,0","0,0","0,0"
Los Lagos,2022,-27.9,495.02,500.0,420.677,"-15,9 ",2022,Directiva,12.231,5.011,7.22,"41,0","59,0","-18,1"
Los Lagos,2022,-27.9,495.02,500.0,420.677,"-15,9 ",2022,Profesionales,122.67,70.918,51.752,"57,8","42,2","15,6"
Los Lagos,2022,-27.9,495.02,500.0,420.677,"-15,9 ",2022,Profesional Ley N°15.076/19.664,1.975,1.104,871.0,"55,9","44,1","11,8"
Los Lagos,2022,-27.9,495.02,500.0,420.677,"-15,9 ",2022,Fiscalizadores,9.011,4.02,4.991,"44,6","55,4","-10,8"
Los Lagos,2022,-27.9,495.02,500.0,420.677,"-15,9 ",2022,Técnicos,36.27,22.469,13.801,"61,9","38,1","23,9"
Los Lagos,2022,-27.9,495.02,500.0,420.677,"-15,9 ",2022,Administrativos,39.392,24.194,15.198,"61,4","38,6","22,8"
Los Lagos,2022,-27.9,495.02,500.0,420.677,"-15,9 ",2022,Auxiliares,12.867,5.285,7.582,"41,1","58,9","-17,9"
Los Lagos,2022,-27.9,495.02,500.0,420.677,"-15,9 ",2022,Otros,0.0,0.0,0.0,"0,0","0,0","0,0"
Aysén,2022,-29.1,594.217,693.253,495.181,"-28,6 ",2022,Directiva,12.231,5.011,7.22,"41,0","59,0","-18,1"
Aysén,2022,-29.1,594.217,693.253,495.181,"-28,6 ",2022,Profesionales,122.67,70.918,51.752,"57,8","42,2","15,6"
Aysén,2022,-29.1,594.217,693.253,495.181,"-28,6 ",2022,Profesional Ley N°15.076/19.664,1.975,1.104,871.0,"55,9","44,1","11,8"
Aysén,2022,-29.1,594.217,693.253,495.181,"-28,6 ",2022,Fiscalizadores,9.011,4.02,4.991,"44,6","55,4","-10,8"
Aysén,2022,-29.1,594.217,693.253,495.181,"-28,6 ",2022,Técnicos,36.27,22.469,13.801,"61,9","38,1","23,9"
Aysén,2022,-29.1,594.217,693.253,495.181,"-28,6 ",2022,Administrativos,39.392,24.194,15.198,"61,4","38,6","22,8"
Aysén,2022,-29.1,594.217,693.253,495.181,"-28,6 ",2022,Auxiliares,12.867,5.285,7.582,"41,1","58,9","-17,9"
Aysén,2022,-29.1,594.217,693.253,495.181,"-28,6 ",2022,Otros,0.0,0.0,0.0,"0,0","0,0","0,0"
Magallanes,2022,-21.6,603.124,713.448,502.604,"-29,6 ",2022,Directiva,12.231,5.011,7.22,"41,0","59,0","-18,1"
Magallanes,2022,-21.6,603.124,713.448,502.604,"-29,6 ",2022,Profesionales,122.67,70.918,51.752,"57,8","42,2","15,6"
Magallanes,2022,-21.6,603.124,713.448,502.604,"-29,6 ",2022,Profesional Ley N°15.076/19.664,1.975,1.104,871.0,"55,9","44,1","11,8"
Magallanes,2022,-21.6,603.124,713.448,502.604,"-29,6 ",2022,Fiscalizadores,9.011,4.02,4.991,"44,6","55,4","-10,8"
Magallanes,2022,-21.6,603.124,713.448,502.604,"-29,6 ",2022,Técnicos,36.27,22.469,13.801,"61,9","38,1","23,9"
Magallanes,2022,-21.6,603.124,713.448,502.604,"-29,6 ",2022,Administrativos,39.392,24.194,15.198,"61,4","38,6","22,8"
Magallanes,2022,-21.6,603.124,713.448,502.604,"-29,6 ",2022,Auxiliares,12.867,5.285,7.582,"41,1","58,9","-17,9"
Magallanes,2022,-21.6,603.124,713.448,502.604,"-29,6 ",2022,Otros,0.0,0.0,0.0,"0,0","0,0","0,0"
